Record,Date,UTC Time,Akcelerometr1,Akcelerometr2,Czujnik_temp1,Czujnik_temp2
         1, 8/03/2016,10:11:21,   5.500000E-01,   6.200000E-01,   0.000000E+00,   0.000000E+00
         2, 8/03/2016,10:11:22,   5.500000E-01,   5.800000E-01,   0.000000E+00,   0.000000E+00
         3, 8/03/2016,10:11:23,   5.500000E-01,   5.800000E-01,   0.000000E+00,   0.000000E+00
         4, 8/03/2016,10:11:24,   5.500000E-01,   5.800000E-01,   0.000000E+00,   0.000000E+00
         5, 8/03/2016,10:11:25,   5.500000E-01,   5.900000E-01,   0.000000E+00,   0.000000E+00
         6, 8/03/2016,10:11:26,   5.500000E-01,   5.800000E-01,   0.000000E+00,   0.000000E+00
         7, 8/03/2016,10:11:27,   5.500000E-01,   5.800000E-01,   0.000000E+00,   0.000000E+00
         8, 8/03/2016,10:11:28,   5.500000E-01,   5.800000E-01,   0.000000E+00,   0.000000E+00
         9, 8/03/2016,10:11:29,   5.500000E-01,   5.800000E-01,   0.000000E+00,   0.000000E+00
        10, 8/03/2016,10:11:30,   5.500000E-01,   5.800000E-01,   0.000000E+00,   0.000000E+00
        11, 8/03/2016,10:11:31,   5.500000E-01,   5.800000E-01,   0.000000E+00,   0.000000E+00
        12, 8/03/2016,10:11:32,   5.500000E-01,   5.800000E-01,   0.000000E+00,   0.000000E+00
        13, 8/03/2016,10:11:33,   5.500000E-01,   5.800000E-01,   0.000000E+00,   0.000000E+00
        14, 8/03/2016,10:11:34,   5.500000E-01,   5.800000E-01,   0.000000E+00,   0.000000E+00
        15, 8/03/2016,10:11:35,   5.500000E-01,   5.800000E-01,   0.000000E+00,   0.000000E+00
        16, 8/03/2016,10:11:36,   5.500000E-01,   5.800000E-01,   0.000000E+00,   0.000000E+00
        17, 8/03/2016,10:11:37,   5.500000E-01,   5.800000E-01,   0.000000E+00,   0.000000E+00
        18, 8/03/2016,10:11:38,   5.500000E-01,   5.900000E-01,   0.000000E+00,   0.000000E+00
        19, 8/03/2016,10:11:39,   5.500000E-01,   5.800000E-01,   0.000000E+00,   0.000000E+00
        20, 8/03/2016,10:11:40,   5.500000E-01,   5.800000E-01,   0.000000E+00,   0.000000E+00
        21, 8/03/2016,10:11:41,   5.500000E-01,   5.900000E-01,   0.000000E+00,   0.000000E+00
        22, 8/03/2016,10:11:42,   5.600000E-01,   5.900000E-01,   0.000000E+00,   0.000000E+00
        23, 8/03/2016,10:11:43,   5.500000E-01,   5.900000E-01,   0.000000E+00,   0.000000E+00
        24, 8/03/2016,10:11:44,   5.600000E-01,   5.900000E-01,   0.000000E+00,   0.000000E+00
        25, 8/03/2016,10:11:45,   5.600000E-01,   5.800000E-01,   0.000000E+00,   0.000000E+00
        26, 8/03/2016,10:11:46,   5.500000E-01,   5.900000E-01,   0.000000E+00,   0.000000E+00
        27, 8/03/2016,10:11:47,   5.500000E-01,   5.800000E-01,   0.000000E+00,   0.000000E+00
        28, 8/03/2016,10:11:48,   5.500000E-01,   5.900000E-01,   0.000000E+00,   0.000000E+00
        29, 8/03/2016,10:11:49,   5.500000E-01,   5.800000E-01,   0.000000E+00,   0.000000E+00
        30, 8/03/2016,10:11:50,   5.500000E-01,   5.900000E-01,   0.000000E+00,   0.000000E+00
        31, 8/03/2016,10:11:51,   5.500000E-01,   6.100000E-01,   0.000000E+00,   0.000000E+00
        32, 8/03/2016,10:11:52,   5.600000E-01,   6.100000E-01,   0.000000E+00,   0.000000E+00
        33, 8/03/2016,10:11:53,   5.500000E-01,   6.000000E-01,   0.000000E+00,   0.000000E+00
        34, 8/03/2016,10:11:54,   5.500000E-01,   5.800000E-01,   0.000000E+00,   0.000000E+00
        35, 8/03/2016,10:11:55,   5.500000E-01,   5.800000E-01,   0.000000E+00,   0.000000E+00
        36, 8/03/2016,10:11:56,   5.600000E-01,   7.100000E-01,   0.000000E+00,   0.000000E+00
        37, 8/03/2016,10:11:57,   5.500000E-01,   5.900000E-01,   0.000000E+00,   0.000000E+00
        38, 8/03/2016,10:11:58,   5.500000E-01,   5.800000E-01,   0.000000E+00,   0.000000E+00
        39, 8/03/2016,10:11:59,   5.500000E-01,   5.800000E-01,   0.000000E+00,   0.000000E+00
        40, 8/03/2016,10:12:00,   5.500000E-01,   6.000000E-01,   0.000000E+00,   0.000000E+00
        41, 8/03/2016,10:12:01,   5.500000E-01,   6.500000E-01,   0.000000E+00,   0.000000E+00
        42, 8/03/2016,10:12:02,   5.600000E-01,   6.000000E-01,   0.000000E+00,   0.000000E+00
        43, 8/03/2016,10:12:03,   5.500000E-01,   5.900000E-01,   0.000000E+00,   0.000000E+00
        44, 8/03/2016,10:12:04,   5.500000E-01,   5.800000E-01,   0.000000E+00,   0.000000E+00
        45, 8/03/2016,10:12:05,   5.600000E-01,   5.800000E-01,   0.000000E+00,   0.000000E+00
        46, 8/03/2016,10:12:06,   5.500000E-01,   5.800000E-01,   0.000000E+00,   0.000000E+00
        47, 8/03/2016,10:12:07,   5.500000E-01,   5.800000E-01,   0.000000E+00,   0.000000E+00
        48, 8/03/2016,10:12:08,   5.500000E-01,   5.800000E-01,   0.000000E+00,   0.000000E+00
        49, 8/03/2016,10:12:09,   5.500000E-01,   5.800000E-01,   0.000000E+00,   0.000000E+00
        50, 8/03/2016,10:12:10,   5.500000E-01,   5.800000E-01,   0.000000E+00,   0.000000E+00
        51, 8/03/2016,10:12:11,   5.500000E-01,   5.900000E-01,   0.000000E+00,   0.000000E+00
        52, 8/03/2016,10:12:12,   5.600000E-01,   5.800000E-01,   0.000000E+00,   0.000000E+00
        53, 8/03/2016,10:12:13,   5.600000E-01,   5.900000E-01,   0.000000E+00,   0.000000E+00
        54, 8/03/2016,10:12:14,   5.600000E-01,   5.900000E-01,   0.000000E+00,   0.000000E+00
        55, 8/03/2016,10:12:15,   5.600000E-01,   5.800000E-01,   0.000000E+00,   0.000000E+00
        56, 8/03/2016,10:12:16,   5.500000E-01,   5.800000E-01,   0.000000E+00,   0.000000E+00
        57, 8/03/2016,10:12:17,   5.600000E-01,   5.800000E-01,   0.000000E+00,   0.000000E+00
        58, 8/03/2016,10:12:18,   5.500000E-01,   5.800000E-01,   0.000000E+00,   0.000000E+00
        59, 8/03/2016,10:12:19,   5.600000E-01,   5.800000E-01,   0.000000E+00,   0.000000E+00
        60, 8/03/2016,10:12:20,   5.600000E-01,   5.800000E-01,   0.000000E+00,   0.000000E+00
        61, 8/03/2016,10:12:21,   5.500000E-01,   5.800000E-01,   0.000000E+00,   0.000000E+00
        62, 8/03/2016,10:12:22,   5.600000E-01,   5.800000E-01,   0.000000E+00,   0.000000E+00
        63, 8/03/2016,10:12:23,   5.500000E-01,   5.800000E-01,   0.000000E+00,   0.000000E+00
        64, 8/03/2016,10:12:24,   5.500000E-01,   5.800000E-01,   0.000000E+00,   0.000000E+00
        65, 8/03/2016,10:12:25,   5.500000E-01,   5.800000E-01,   0.000000E+00,   0.000000E+00
        66, 8/03/2016,10:12:26,   5.600000E-01,   5.800000E-01,   0.000000E+00,   0.000000E+00
        67, 8/03/2016,10:12:27,   5.600000E-01,   5.800000E-01,   0.000000E+00,   0.000000E+00
        68, 8/03/2016,10:12:28,   5.600000E-01,   5.800000E-01,   0.000000E+00,   0.000000E+00
        69, 8/03/2016,10:12:29,   5.600000E-01,   5.800000E-01,   0.000000E+00,   0.000000E+00
        70, 8/03/2016,10:12:30,   5.500000E-01,   5.800000E-01,   0.000000E+00,   0.000000E+00
        71, 8/03/2016,10:12:31,   5.500000E-01,   5.800000E-01,   0.000000E+00,   0.000000E+00
        72, 8/03/2016,10:12:32,   5.500000E-01,   5.800000E-01,   0.000000E+00,   0.000000E+00
        73, 8/03/2016,10:12:33,   5.500000E-01,   5.800000E-01,   0.000000E+00,   0.000000E+00
        74, 8/03/2016,10:12:34,   5.500000E-01,   5.800000E-01,   0.000000E+00,   0.000000E+00
        75, 8/03/2016,10:12:35,   5.500000E-01,   5.800000E-01,   0.000000E+00,   0.000000E+00
        76, 8/03/2016,10:12:36,   5.500000E-01,   5.800000E-01,   0.000000E+00,   0.000000E+00
        77, 8/03/2016,10:12:37,   5.500000E-01,   5.800000E-01,   0.000000E+00,   0.000000E+00
        78, 8/03/2016,10:12:38,   5.500000E-01,   5.800000E-01,   0.000000E+00,   0.000000E+00
        79, 8/03/2016,10:12:39,   5.500000E-01,   5.800000E-01,   0.000000E+00,   0.000000E+00
        80, 8/03/2016,10:12:40,   5.500000E-01,   5.800000E-01,   0.000000E+00,   0.000000E+00
        81, 8/03/2016,10:12:41,   5.500000E-01,   5.800000E-01,   0.000000E+00,   0.000000E+00
        82, 8/03/2016,10:12:42,   5.500000E-01,   5.800000E-01,   0.000000E+00,   0.000000E+00
        83, 8/03/2016,10:12:43,   5.500000E-01,   5.800000E-01,   0.000000E+00,   0.000000E+00
        84, 8/03/2016,10:12:44,   5.500000E-01,   5.900000E-01,   0.000000E+00,   0.000000E+00
        85, 8/03/2016,10:12:45,   5.500000E-01,   5.900000E-01,   0.000000E+00,   0.000000E+00
        86, 8/03/2016,10:12:46,   5.500000E-01,   5.900000E-01,   0.000000E+00,   0.000000E+00
        87, 8/03/2016,10:12:47,   5.500000E-01,   5.800000E-01,   0.000000E+00,   0.000000E+00
        88, 8/03/2016,10:12:48,   5.500000E-01,   5.800000E-01,   0.000000E+00,   0.000000E+00
        89, 8/03/2016,10:12:49,   5.500000E-01,   5.900000E-01,   0.000000E+00,   0.000000E+00
        90, 8/03/2016,10:12:50,   5.500000E-01,   5.800000E-01,   0.000000E+00,   0.000000E+00
        91, 8/03/2016,10:12:51,   5.500000E-01,   5.800000E-01,   0.000000E+00,   0.000000E+00
        92, 8/03/2016,10:12:52,   5.500000E-01,   5.800000E-01,   0.000000E+00,   0.000000E+00
        93, 8/03/2016,10:12:53,   5.500000E-01,   5.800000E-01,   0.000000E+00,   0.000000E+00
        94, 8/03/2016,10:12:54,   5.500000E-01,   5.800000E-01,   0.000000E+00,   0.000000E+00
        95, 8/03/2016,10:12:55,   5.500000E-01,   5.800000E-01,   0.000000E+00,   0.000000E+00
        96, 8/03/2016,10:12:56,   5.500000E-01,   5.800000E-01,   0.000000E+00,   0.000000E+00
        97, 8/03/2016,10:12:57,   5.500000E-01,   5.800000E-01,   0.000000E+00,   0.000000E+00
        98, 8/03/2016,10:12:58,   5.500000E-01,   5.800000E-01,   0.000000E+00,   0.000000E+00
        99, 8/03/2016,10:12:59,   5.500000E-01,   5.800000E-01,   0.000000E+00,   0.000000E+00
       100, 8/03/2016,10:13:00,   5.500000E-01,   5.800000E-01,   0.000000E+00,   0.000000E+00
       101, 8/03/2016,10:13:01,   5.500000E-01,   5.800000E-01,   0.000000E+00,   0.000000E+00
       102, 8/03/2016,10:13:02,   5.500000E-01,   5.800000E-01,   0.000000E+00,   0.000000E+00
       103, 8/03/2016,10:13:03,   5.500000E-01,   5.800000E-01,   0.000000E+00,   0.000000E+00
       104, 8/03/2016,10:13:04,   5.500000E-01,   5.900000E-01,   0.000000E+00,   0.000000E+00
       105, 8/03/2016,10:13:05,   5.600000E-01,   5.900000E-01,   0.000000E+00,   0.000000E+00
       106, 8/03/2016,10:13:06,   5.700000E-01,   6.400000E-01,   0.000000E+00,   0.000000E+00
       107, 8/03/2016,10:13:07,   5.500000E-01,   5.800000E-01,   0.000000E+00,   0.000000E+00
       108, 8/03/2016,10:13:08,   5.500000E-01,   5.800000E-01,   0.000000E+00,   0.000000E+00
       109, 8/03/2016,10:13:09,   5.500000E-01,   5.800000E-01,   0.000000E+00,   0.000000E+00
       110, 8/03/2016,10:13:10,   5.500000E-01,   5.800000E-01,   0.000000E+00,   0.000000E+00
       111, 8/03/2016,10:13:11,   5.500000E-01,   5.800000E-01,   0.000000E+00,   0.000000E+00
       112, 8/03/2016,10:13:12,   5.500000E-01,   5.800000E-01,   0.000000E+00,   0.000000E+00
       113, 8/03/2016,10:13:13,   5.500000E-01,   5.900000E-01,   0.000000E+00,   0.000000E+00
       114, 8/03/2016,10:13:14,   5.600000E-01,   6.100000E-01,   0.000000E+00,   0.000000E+00
       115, 8/03/2016,10:13:15,   5.600000E-01,   5.800000E-01,   0.000000E+00,   0.000000E+00
       116, 8/03/2016,10:13:16,   5.500000E-01,   5.800000E-01,   0.000000E+00,   0.000000E+00
       117, 8/03/2016,10:13:17,   5.600000E-01,   5.900000E-01,   0.000000E+00,   0.000000E+00
       118, 8/03/2016,10:13:18,   5.500000E-01,   5.800000E-01,   0.000000E+00,   0.000000E+00
       119, 8/03/2016,10:13:19,   5.600000E-01,   5.900000E-01,   0.000000E+00,   0.000000E+00
       120, 8/03/2016,10:13:20,   5.600000E-01,   5.800000E-01,   0.000000E+00,   0.000000E+00
       121, 8/03/2016,10:13:21,   5.600000E-01,   5.900000E-01,   0.000000E+00,   0.000000E+00
       122, 8/03/2016,10:13:22,   5.600000E-01,   5.900000E-01,   0.000000E+00,   0.000000E+00
       123, 8/03/2016,10:13:23,   5.600000E-01,   5.800000E-01,   0.000000E+00,   0.000000E+00
       124, 8/03/2016,10:13:24,   5.500000E-01,   5.800000E-01,   0.000000E+00,   0.000000E+00
       125, 8/03/2016,10:13:25,   5.600000E-01,   5.800000E-01,   0.000000E+00,   0.000000E+00
       126, 8/03/2016,10:13:26,   5.600000E-01,   5.900000E-01,   0.000000E+00,   0.000000E+00
       127, 8/03/2016,10:13:27,   5.600000E-01,   5.800000E-01,   0.000000E+00,   0.000000E+00
       128, 8/03/2016,10:13:28,   5.600000E-01,   5.900000E-01,   0.000000E+00,   0.000000E+00
       129, 8/03/2016,10:13:29,   5.600000E-01,   5.900000E-01,   0.000000E+00,   0.000000E+00
       130, 8/03/2016,10:13:30,   5.500000E-01,   5.800000E-01,   0.000000E+00,   0.000000E+00
       131, 8/03/2016,10:13:31,   5.500000E-01,   5.800000E-01,   0.000000E+00,   0.000000E+00
       132, 8/03/2016,10:13:32,   5.500000E-01,   5.800000E-01,   0.000000E+00,   0.000000E+00
       133, 8/03/2016,10:13:33,   5.600000E-01,   5.900000E-01,   0.000000E+00,   0.000000E+00
       134, 8/03/2016,10:13:34,   5.500000E-01,   5.800000E-01,   0.000000E+00,   0.000000E+00
       135, 8/03/2016,10:13:35,   5.600000E-01,   5.900000E-01,   0.000000E+00,   0.000000E+00
       136, 8/03/2016,10:13:36,   5.600000E-01,   5.900000E-01,   0.000000E+00,   0.000000E+00
       137, 8/03/2016,10:13:37,   5.600000E-01,   5.800000E-01,   0.000000E+00,   0.000000E+00
       138, 8/03/2016,10:13:38,   5.600000E-01,   5.800000E-01,   0.000000E+00,   0.000000E+00
       139, 8/03/2016,10:13:39,   5.500000E-01,   5.900000E-01,   0.000000E+00,   0.000000E+00
       140, 8/03/2016,10:13:40,   5.500000E-01,   5.800000E-01,   0.000000E+00,   0.000000E+00
       141, 8/03/2016,10:13:41,   5.600000E-01,   5.800000E-01,   0.000000E+00,   0.000000E+00
       142, 8/03/2016,10:13:42,   5.500000E-01,   5.800000E-01,   0.000000E+00,   0.000000E+00
       143, 8/03/2016,10:13:43,   5.600000E-01,   5.800000E-01,   0.000000E+00,   0.000000E+00
       144, 8/03/2016,10:13:44,   5.600000E-01,   5.900000E-01,   0.000000E+00,   0.000000E+00
       145, 8/03/2016,10:13:45,   5.500000E-01,   5.800000E-01,   0.000000E+00,   0.000000E+00
       146, 8/03/2016,10:13:46,   5.600000E-01,   5.800000E-01,   0.000000E+00,   0.000000E+00
       147, 8/03/2016,10:13:47,   5.500000E-01,   5.800000E-01,   0.000000E+00,   0.000000E+00
       148, 8/03/2016,10:13:48,   5.500000E-01,   5.800000E-01,   0.000000E+00,   0.000000E+00
       149, 8/03/2016,10:13:49,   5.500000E-01,   5.800000E-01,   0.000000E+00,   0.000000E+00
       150, 8/03/2016,10:13:50,   5.600000E-01,   5.900000E-01,   0.000000E+00,   0.000000E+00
       151, 8/03/2016,10:13:51,   5.500000E-01,   5.900000E-01,   0.000000E+00,   0.000000E+00
       152, 8/03/2016,10:13:52,   5.600000E-01,   5.900000E-01,   0.000000E+00,   0.000000E+00
       153, 8/03/2016,10:13:53,   5.500000E-01,   5.900000E-01,   0.000000E+00,   0.000000E+00
       154, 8/03/2016,10:13:54,   5.500000E-01,   5.800000E-01,   0.000000E+00,   0.000000E+00
       155, 8/03/2016,10:13:55,   5.600000E-01,   5.900000E-01,   0.000000E+00,   0.000000E+00
       156, 8/03/2016,10:13:56,   5.600000E-01,   5.900000E-01,   0.000000E+00,   0.000000E+00
       157, 8/03/2016,10:13:57,   5.500000E-01,   5.900000E-01,   0.000000E+00,   0.000000E+00
       158, 8/03/2016,10:13:58,   5.600000E-01,   5.900000E-01,   0.000000E+00,   0.000000E+00
       159, 8/03/2016,10:13:59,   5.600000E-01,   5.900000E-01,   0.000000E+00,   0.000000E+00
       160, 8/03/2016,10:14:00,   5.600000E-01,   5.900000E-01,   0.000000E+00,   0.000000E+00
       161, 8/03/2016,10:14:01,   5.500000E-01,   5.800000E-01,   0.000000E+00,   0.000000E+00
       162, 8/03/2016,10:14:02,   5.500000E-01,   5.800000E-01,   0.000000E+00,   0.000000E+00
       163, 8/03/2016,10:14:03,   5.600000E-01,   5.800000E-01,   0.000000E+00,   0.000000E+00
       164, 8/03/2016,10:14:04,   5.500000E-01,   5.800000E-01,   0.000000E+00,   0.000000E+00
       165, 8/03/2016,10:14:05,   5.500000E-01,   5.900000E-01,   0.000000E+00,   0.000000E+00
       166, 8/03/2016,10:14:06,   5.600000E-01,   5.800000E-01,   0.000000E+00,   0.000000E+00
       167, 8/03/2016,10:14:07,   5.600000E-01,   6.200000E-01,   0.000000E+00,   0.000000E+00
       168, 8/03/2016,10:14:08,   5.700000E-01,   6.300000E-01,   0.000000E+00,   0.000000E+00
       169, 8/03/2016,10:14:09,   5.600000E-01,   5.900000E-01,   0.000000E+00,   0.000000E+00
       170, 8/03/2016,10:14:10,   5.600000E-01,   5.800000E-01,   0.000000E+00,   0.000000E+00
       171, 8/03/2016,10:14:11,   5.500000E-01,   6.000000E-01,   0.000000E+00,   0.000000E+00
       172, 8/03/2016,10:14:12,   5.500000E-01,   5.800000E-01,   0.000000E+00,   0.000000E+00
       173, 8/03/2016,10:14:13,   5.500000E-01,   5.800000E-01,   0.000000E+00,   0.000000E+00
       174, 8/03/2016,10:14:14,   5.600000E-01,   5.900000E-01,   0.000000E+00,   0.000000E+00
       175, 8/03/2016,10:14:15,   5.600000E-01,   5.900000E-01,   0.000000E+00,   0.000000E+00
       176, 8/03/2016,10:14:16,   5.500000E-01,   5.800000E-01,   0.000000E+00,   0.000000E+00
       177, 8/03/2016,10:14:17,   5.600000E-01,   5.800000E-01,   0.000000E+00,   0.000000E+00
       178, 8/03/2016,10:14:18,   5.600000E-01,   5.900000E-01,   0.000000E+00,   0.000000E+00
       179, 8/03/2016,10:14:19,   5.500000E-01,   5.800000E-01,   0.000000E+00,   0.000000E+00
       180, 8/03/2016,10:14:20,   5.500000E-01,   5.800000E-01,   0.000000E+00,   0.000000E+00
       181, 8/03/2016,10:14:21,   5.600000E-01,   5.900000E-01,   0.000000E+00,   0.000000E+00
       182, 8/03/2016,10:14:22,   5.600000E-01,   5.900000E-01,   0.000000E+00,   0.000000E+00
       183, 8/03/2016,10:14:23,   5.500000E-01,   5.800000E-01,   0.000000E+00,   0.000000E+00
       184, 8/03/2016,10:14:24,   5.600000E-01,   5.800000E-01,   0.000000E+00,   0.000000E+00
       185, 8/03/2016,10:14:25,   5.600000E-01,   5.800000E-01,   0.000000E+00,   0.000000E+00
       186, 8/03/2016,10:14:26,   5.600000E-01,   5.800000E-01,   0.000000E+00,   0.000000E+00
       187, 8/03/2016,10:14:27,   5.500000E-01,   5.900000E-01,   0.000000E+00,   0.000000E+00
       188, 8/03/2016,10:14:28,   5.500000E-01,   5.800000E-01,   0.000000E+00,   0.000000E+00
       189, 8/03/2016,10:14:29,   5.500000E-01,   5.800000E-01,   0.000000E+00,   0.000000E+00
       190, 8/03/2016,10:14:30,   5.600000E-01,   5.900000E-01,   0.000000E+00,   0.000000E+00
       191, 8/03/2016,10:14:31,   5.500000E-01,   5.900000E-01,   0.000000E+00,   0.000000E+00
       192, 8/03/2016,10:14:32,   5.600000E-01,   5.900000E-01,   0.000000E+00,   0.000000E+00
       193, 8/03/2016,10:14:33,   5.500000E-01,   5.900000E-01,   0.000000E+00,   0.000000E+00
       194, 8/03/2016,10:14:34,   5.600000E-01,   5.900000E-01,   0.000000E+00,   0.000000E+00
       195, 8/03/2016,10:14:35,   5.600000E-01,   5.800000E-01,   0.000000E+00,   0.000000E+00
       196, 8/03/2016,10:14:36,   5.500000E-01,   5.900000E-01,   0.000000E+00,   0.000000E+00
       197, 8/03/2016,10:14:37,   5.500000E-01,   5.900000E-01,   0.000000E+00,   0.000000E+00
       198, 8/03/2016,10:14:38,   5.600000E-01,   5.900000E-01,   0.000000E+00,   0.000000E+00
       199, 8/03/2016,10:14:39,   5.600000E-01,   5.900000E-01,   0.000000E+00,   0.000000E+00
       200, 8/03/2016,10:14:40,   5.600000E-01,   5.900000E-01,   0.000000E+00,   0.000000E+00
       201, 8/03/2016,10:14:41,   5.600000E-01,   5.900000E-01,   0.000000E+00,   0.000000E+00
       202, 8/03/2016,10:14:42,   5.500000E-01,   5.900000E-01,   0.000000E+00,   0.000000E+00
       203, 8/03/2016,10:14:43,   5.600000E-01,   5.800000E-01,   0.000000E+00,   0.000000E+00
       204, 8/03/2016,10:14:44,   5.600000E-01,   5.900000E-01,   0.000000E+00,   0.000000E+00
       205, 8/03/2016,10:14:45,   5.600000E-01,   5.800000E-01,   0.000000E+00,   0.000000E+00
       206, 8/03/2016,10:14:46,   5.600000E-01,   6.300000E-01,   0.000000E+00,   0.000000E+00
       207, 8/03/2016,10:14:47,   5.600000E-01,   6.000000E-01,   0.000000E+00,   0.000000E+00
       208, 8/03/2016,10:14:48,   5.600000E-01,   6.000000E-01,   0.000000E+00,   0.000000E+00
       209, 8/03/2016,10:14:49,   5.600000E-01,   5.900000E-01,   0.000000E+00,   0.000000E+00
       210, 8/03/2016,10:14:50,   5.700000E-01,   6.000000E-01,   0.000000E+00,   0.000000E+00
       211, 8/03/2016,10:14:51,   5.600000E-01,   5.900000E-01,   0.000000E+00,   0.000000E+00
       212, 8/03/2016,10:14:52,   5.600000E-01,   5.800000E-01,   0.000000E+00,   0.000000E+00
       213, 8/03/2016,10:14:53,   5.500000E-01,   5.900000E-01,   0.000000E+00,   0.000000E+00
       214, 8/03/2016,10:14:54,   5.600000E-01,   6.000000E-01,   0.000000E+00,   0.000000E+00
       215, 8/03/2016,10:14:55,   5.600000E-01,   6.500000E-01,   0.000000E+00,   0.000000E+00
       216, 8/03/2016,10:14:56,   8.500000E-01,   9.000000E-01,   0.000000E+00,   0.000000E+00
       217, 8/03/2016,10:14:57,   8.700000E-01,   9.700000E-01,   0.000000E+00,   0.000000E+00
       218, 8/03/2016,10:14:58,   5.700000E-01,   6.100000E-01,   0.000000E+00,   0.000000E+00
       219, 8/03/2016,10:14:59,   5.600000E-01,   5.900000E-01,   0.000000E+00,   0.000000E+00
       220, 8/03/2016,10:15:00,   5.500000E-01,   5.900000E-01,   0.000000E+00,   0.000000E+00
       221, 8/03/2016,10:15:01,   5.600000E-01,   5.900000E-01,   0.000000E+00,   0.000000E+00
       222, 8/03/2016,10:15:02,   5.600000E-01,   5.900000E-01,   0.000000E+00,   0.000000E+00
       223, 8/03/2016,10:15:03,   5.500000E-01,   5.800000E-01,   0.000000E+00,   0.000000E+00
       224, 8/03/2016,10:15:04,   5.500000E-01,   5.800000E-01,   0.000000E+00,   0.000000E+00
       225, 8/03/2016,10:15:05,   5.500000E-01,   5.800000E-01,   0.000000E+00,   0.000000E+00
       226, 8/03/2016,10:15:06,   5.600000E-01,   5.800000E-01,   0.000000E+00,   0.000000E+00
       227, 8/03/2016,10:15:07,   5.500000E-01,   5.800000E-01,   0.000000E+00,   0.000000E+00
       228, 8/03/2016,10:15:08,   5.600000E-01,   5.900000E-01,   0.000000E+00,   0.000000E+00
       229, 8/03/2016,10:15:09,   5.600000E-01,   5.900000E-01,   0.000000E+00,   0.000000E+00
       230, 8/03/2016,10:15:10,   5.600000E-01,   5.900000E-01,   0.000000E+00,   0.000000E+00
       231, 8/03/2016,10:15:11,   5.600000E-01,   5.900000E-01,   0.000000E+00,   0.000000E+00
       232, 8/03/2016,10:15:12,   5.600000E-01,   5.800000E-01,   0.000000E+00,   0.000000E+00
       233, 8/03/2016,10:15:13,   5.500000E-01,   5.900000E-01,   0.000000E+00,   0.000000E+00
       234, 8/03/2016,10:15:14,   5.600000E-01,   5.900000E-01,   0.000000E+00,   0.000000E+00
       235, 8/03/2016,10:15:15,   5.600000E-01,   6.000000E-01,   0.000000E+00,   0.000000E+00
       236, 8/03/2016,10:15:16,   5.600000E-01,   6.200000E-01,   0.000000E+00,   0.000000E+00
       237, 8/03/2016,10:15:17,   5.600000E-01,   6.300000E-01,   0.000000E+00,   0.000000E+00
       238, 8/03/2016,10:15:18,   5.600000E-01,   6.100000E-01,   0.000000E+00,   0.000000E+00
       239, 8/03/2016,10:15:19,   7.000000E-01,   1.050000E+00,   0.000000E+00,   0.000000E+00
       240, 8/03/2016,10:15:20,   5.700000E-01,   6.400000E-01,   0.000000E+00,   0.000000E+00
       241, 8/03/2016,10:15:21,   5.600000E-01,   6.100000E-01,   0.000000E+00,   0.000000E+00
       242, 8/03/2016,10:15:22,   5.600000E-01,   5.900000E-01,   0.000000E+00,   0.000000E+00
       243, 8/03/2016,10:15:23,   5.600000E-01,   5.900000E-01,   0.000000E+00,   0.000000E+00
       244, 8/03/2016,10:15:24,   5.600000E-01,   5.900000E-01,   0.000000E+00,   0.000000E+00
       245, 8/03/2016,10:15:25,   5.600000E-01,   5.900000E-01,   0.000000E+00,   0.000000E+00
       246, 8/03/2016,10:15:26,   5.600000E-01,   5.900000E-01,   0.000000E+00,   0.000000E+00
       247, 8/03/2016,10:15:27,   5.600000E-01,   5.900000E-01,   0.000000E+00,   0.000000E+00
       248, 8/03/2016,10:15:28,   5.600000E-01,   5.900000E-01,   0.000000E+00,   0.000000E+00
       249, 8/03/2016,10:15:29,   6.100000E-01,   9.400000E-01,   0.000000E+00,   0.000000E+00
       250, 8/03/2016,10:15:30,   5.600000E-01,   6.000000E-01,   0.000000E+00,   0.000000E+00
       251, 8/03/2016,10:15:31,   5.600000E-01,   6.000000E-01,   0.000000E+00,   0.000000E+00
       252, 8/03/2016,10:15:32,   5.600000E-01,   5.900000E-01,   0.000000E+00,   0.000000E+00
       253, 8/03/2016,10:15:33,   5.600000E-01,   5.900000E-01,   0.000000E+00,   0.000000E+00
       254, 8/03/2016,10:15:34,   5.600000E-01,   5.800000E-01,   0.000000E+00,   0.000000E+00
       255, 8/03/2016,10:15:35,   5.600000E-01,   5.900000E-01,   0.000000E+00,   0.000000E+00
       256, 8/03/2016,10:15:36,   5.600000E-01,   5.900000E-01,   0.000000E+00,   0.000000E+00
       257, 8/03/2016,10:15:37,   5.600000E-01,   5.900000E-01,   0.000000E+00,   0.000000E+00
       258, 8/03/2016,10:15:38,   5.600000E-01,   5.900000E-01,   0.000000E+00,   0.000000E+00
       259, 8/03/2016,10:15:39,   5.600000E-01,   5.800000E-01,   0.000000E+00,   0.000000E+00
       260, 8/03/2016,10:15:40,   5.600000E-01,   5.900000E-01,   0.000000E+00,   0.000000E+00
       261, 8/03/2016,10:15:41,   5.600000E-01,   5.900000E-01,   0.000000E+00,   0.000000E+00
       262, 8/03/2016,10:15:42,   5.600000E-01,   5.800000E-01,   0.000000E+00,   0.000000E+00
       263, 8/03/2016,10:15:43,   5.600000E-01,   5.800000E-01,   0.000000E+00,   0.000000E+00
       264, 8/03/2016,10:15:44,   5.600000E-01,   5.900000E-01,   0.000000E+00,   0.000000E+00
       265, 8/03/2016,10:15:45,   5.600000E-01,   5.800000E-01,   0.000000E+00,   0.000000E+00
       266, 8/03/2016,10:15:46,   5.600000E-01,   5.900000E-01,   0.000000E+00,   0.000000E+00
       267, 8/03/2016,10:15:47,   5.600000E-01,   5.900000E-01,   0.000000E+00,   0.000000E+00
       268, 8/03/2016,10:15:48,   5.600000E-01,   5.800000E-01,   0.000000E+00,   0.000000E+00
       269, 8/03/2016,10:15:49,   5.600000E-01,   5.800000E-01,   0.000000E+00,   0.000000E+00
       270, 8/03/2016,10:15:50,   5.500000E-01,   6.000000E-01,   0.000000E+00,   0.000000E+00
       271, 8/03/2016,10:15:51,   5.600000E-01,   6.000000E-01,   0.000000E+00,   0.000000E+00
       272, 8/03/2016,10:15:52,   5.600000E-01,   6.100000E-01,   0.000000E+00,   0.000000E+00
       273, 8/03/2016,10:15:53,   5.600000E-01,   6.200000E-01,   0.000000E+00,   0.000000E+00
       274, 8/03/2016,10:15:54,   5.800000E-01,   7.300000E-01,   0.000000E+00,   0.000000E+00
       275, 8/03/2016,10:15:55,   5.600000E-01,   6.100000E-01,   0.000000E+00,   0.000000E+00
       276, 8/03/2016,10:15:56,   5.600000E-01,   6.100000E-01,   0.000000E+00,   0.000000E+00
       277, 8/03/2016,10:15:57,   5.600000E-01,   5.900000E-01,   0.000000E+00,   0.000000E+00
       278, 8/03/2016,10:15:58,   5.600000E-01,   5.900000E-01,   0.000000E+00,   0.000000E+00
       279, 8/03/2016,10:15:59,   5.600000E-01,   5.900000E-01,   0.000000E+00,   0.000000E+00
       280, 8/03/2016,10:16:00,   5.600000E-01,   5.800000E-01,   0.000000E+00,   0.000000E+00
       281, 8/03/2016,10:16:01,   5.600000E-01,   5.900000E-01,   0.000000E+00,   0.000000E+00
       282, 8/03/2016,10:16:02,   5.700000E-01,   9.000000E-01,   0.000000E+00,   0.000000E+00
       283, 8/03/2016,10:16:03,   5.600000E-01,   6.000000E-01,   0.000000E+00,   0.000000E+00
       284, 8/03/2016,10:16:04,   5.600000E-01,   5.900000E-01,   0.000000E+00,   0.000000E+00
       285, 8/03/2016,10:16:05,   5.600000E-01,   5.800000E-01,   0.000000E+00,   0.000000E+00
       286, 8/03/2016,10:16:06,   5.600000E-01,   5.800000E-01,   0.000000E+00,   0.000000E+00
       287, 8/03/2016,10:16:07,   5.600000E-01,   5.900000E-01,   0.000000E+00,   0.000000E+00
       288, 8/03/2016,10:16:08,   5.600000E-01,   5.900000E-01,   0.000000E+00,   0.000000E+00
       289, 8/03/2016,10:16:09,   5.600000E-01,   5.900000E-01,   0.000000E+00,   0.000000E+00
       290, 8/03/2016,10:16:10,   5.600000E-01,   5.900000E-01,   0.000000E+00,   0.000000E+00
       291, 8/03/2016,10:16:12,   5.600000E-01,   5.900000E-01,   0.000000E+00,   0.000000E+00
       292, 8/03/2016,10:16:13,   5.600000E-01,   5.900000E-01,   0.000000E+00,   0.000000E+00
       293, 8/03/2016,10:16:14,   5.600000E-01,   5.800000E-01,   0.000000E+00,   0.000000E+00
       294, 8/03/2016,10:16:15,   5.600000E-01,   5.800000E-01,   0.000000E+00,   0.000000E+00
       295, 8/03/2016,10:16:16,   5.600000E-01,   5.900000E-01,   0.000000E+00,   0.000000E+00
       296, 8/03/2016,10:16:17,   5.600000E-01,   5.900000E-01,   0.000000E+00,   0.000000E+00
       297, 8/03/2016,10:16:18,   5.600000E-01,   5.900000E-01,   0.000000E+00,   0.000000E+00
       298, 8/03/2016,10:16:19,   5.600000E-01,   5.900000E-01,   0.000000E+00,   0.000000E+00
       299, 8/03/2016,10:16:20,   5.600000E-01,   5.900000E-01,   0.000000E+00,   0.000000E+00
       300, 8/03/2016,10:16:21,   5.600000E-01,   5.900000E-01,   0.000000E+00,   0.000000E+00
       301, 8/03/2016,10:16:22,   5.600000E-01,   5.900000E-01,   0.000000E+00,   0.000000E+00
       302, 8/03/2016,10:16:23,   5.500000E-01,   5.900000E-01,   0.000000E+00,   0.000000E+00
       303, 8/03/2016,10:16:24,   5.600000E-01,   5.900000E-01,   0.000000E+00,   0.000000E+00
       304, 8/03/2016,10:16:25,   5.600000E-01,   5.900000E-01,   0.000000E+00,   0.000000E+00
       305, 8/03/2016,10:16:26,   5.600000E-01,   5.800000E-01,   0.000000E+00,   0.000000E+00
       306, 8/03/2016,10:16:27,   5.600000E-01,   5.900000E-01,   0.000000E+00,   0.000000E+00
       307, 8/03/2016,10:16:28,   5.600000E-01,   5.900000E-01,   0.000000E+00,   0.000000E+00
       308, 8/03/2016,10:16:29,   5.500000E-01,   5.900000E-01,   0.000000E+00,   0.000000E+00
       309, 8/03/2016,10:16:30,   5.600000E-01,   5.900000E-01,   0.000000E+00,   0.000000E+00
       310, 8/03/2016,10:16:31,   5.600000E-01,   5.900000E-01,   0.000000E+00,   0.000000E+00
       311, 8/03/2016,10:16:32,   5.600000E-01,   5.900000E-01,   0.000000E+00,   0.000000E+00
       312, 8/03/2016,10:16:33,   5.600000E-01,   6.000000E-01,   0.000000E+00,   0.000000E+00
       313, 8/03/2016,10:16:34,   5.600000E-01,   6.000000E-01,   0.000000E+00,   0.000000E+00
       314, 8/03/2016,10:16:35,   5.600000E-01,   5.900000E-01,   0.000000E+00,   0.000000E+00
       315, 8/03/2016,10:16:36,   5.600000E-01,   5.900000E-01,   0.000000E+00,   0.000000E+00
       316, 8/03/2016,10:16:37,   5.600000E-01,   5.900000E-01,   0.000000E+00,   0.000000E+00
       317, 8/03/2016,10:16:38,   5.600000E-01,   5.900000E-01,   0.000000E+00,   0.000000E+00
       318, 8/03/2016,10:16:39,   5.600000E-01,   5.900000E-01,   0.000000E+00,   0.000000E+00
       319, 8/03/2016,10:16:40,   5.600000E-01,   5.900000E-01,   0.000000E+00,   0.000000E+00
       320, 8/03/2016,10:16:41,   5.600000E-01,   5.900000E-01,   0.000000E+00,   0.000000E+00
       321, 8/03/2016,10:16:42,   5.600000E-01,   5.900000E-01,   0.000000E+00,   0.000000E+00
       322, 8/03/2016,10:16:43,   5.600000E-01,   5.900000E-01,   0.000000E+00,   0.000000E+00
       323, 8/03/2016,10:16:44,   5.600000E-01,   5.900000E-01,   0.000000E+00,   0.000000E+00
       324, 8/03/2016,10:16:45,   5.600000E-01,   5.900000E-01,   0.000000E+00,   0.000000E+00
       325, 8/03/2016,10:16:46,   5.600000E-01,   5.900000E-01,   0.000000E+00,   0.000000E+00
       326, 8/03/2016,10:16:47,   5.600000E-01,   6.000000E-01,   0.000000E+00,   0.000000E+00
       327, 8/03/2016,10:16:48,   5.600000E-01,   5.900000E-01,   0.000000E+00,   0.000000E+00
       328, 8/03/2016,10:16:49,   5.600000E-01,   5.900000E-01,   0.000000E+00,   0.000000E+00
       329, 8/03/2016,10:16:50,   5.600000E-01,   5.900000E-01,   0.000000E+00,   0.000000E+00
       330, 8/03/2016,10:16:51,   5.500000E-01,   5.800000E-01,   0.000000E+00,   0.000000E+00
       331, 8/03/2016,10:16:52,   5.600000E-01,   5.900000E-01,   0.000000E+00,   0.000000E+00
       332, 8/03/2016,10:16:53,   5.600000E-01,   5.800000E-01,   0.000000E+00,   0.000000E+00
       333, 8/03/2016,10:16:54,   5.600000E-01,   5.900000E-01,   0.000000E+00,   0.000000E+00
       334, 8/03/2016,10:16:55,   5.600000E-01,   5.900000E-01,   0.000000E+00,   0.000000E+00
       335, 8/03/2016,10:16:56,   5.600000E-01,   5.900000E-01,   0.000000E+00,   0.000000E+00
       336, 8/03/2016,10:16:57,   5.600000E-01,   5.900000E-01,   0.000000E+00,   0.000000E+00
       337, 8/03/2016,10:16:58,   5.600000E-01,   5.900000E-01,   0.000000E+00,   0.000000E+00
       338, 8/03/2016,10:16:59,   5.600000E-01,   5.900000E-01,   0.000000E+00,   0.000000E+00
       339, 8/03/2016,10:17:00,   5.600000E-01,   5.900000E-01,   0.000000E+00,   0.000000E+00
       340, 8/03/2016,10:17:01,   5.600000E-01,   5.900000E-01,   0.000000E+00,   0.000000E+00
       341, 8/03/2016,10:17:02,   5.600000E-01,   5.900000E-01,   0.000000E+00,   0.000000E+00
       342, 8/03/2016,10:17:03,   5.600000E-01,   5.900000E-01,   0.000000E+00,   0.000000E+00
       343, 8/03/2016,10:17:04,   5.600000E-01,   5.900000E-01,   0.000000E+00,   0.000000E+00
       344, 8/03/2016,10:17:05,   5.600000E-01,   5.800000E-01,   0.000000E+00,   0.000000E+00
       345, 8/03/2016,10:17:06,   5.500000E-01,   5.800000E-01,   0.000000E+00,   0.000000E+00
       346, 8/03/2016,10:17:07,   5.600000E-01,   5.800000E-01,   0.000000E+00,   0.000000E+00
       347, 8/03/2016,10:17:08,   5.600000E-01,   5.900000E-01,   0.000000E+00,   0.000000E+00
       348, 8/03/2016,10:17:09,   5.600000E-01,   5.900000E-01,   0.000000E+00,   0.000000E+00
       349, 8/03/2016,10:17:10,   5.600000E-01,   5.900000E-01,   0.000000E+00,   0.000000E+00
       350, 8/03/2016,10:17:11,   5.600000E-01,   5.900000E-01,   0.000000E+00,   0.000000E+00
       351, 8/03/2016,10:17:12,   5.600000E-01,   5.900000E-01,   0.000000E+00,   0.000000E+00
       352, 8/03/2016,10:17:13,   5.600000E-01,   5.800000E-01,   0.000000E+00,   0.000000E+00
       353, 8/03/2016,10:17:14,   5.600000E-01,   5.800000E-01,   0.000000E+00,   0.000000E+00
       354, 8/03/2016,10:17:15,   5.600000E-01,   5.900000E-01,   0.000000E+00,   0.000000E+00
       355, 8/03/2016,10:17:16,   5.600000E-01,   5.900000E-01,   0.000000E+00,   0.000000E+00
       356, 8/03/2016,10:17:17,   5.600000E-01,   5.800000E-01,   0.000000E+00,   0.000000E+00
       357, 8/03/2016,10:17:18,   5.600000E-01,   5.900000E-01,   0.000000E+00,   0.000000E+00
       358, 8/03/2016,10:17:19,   5.600000E-01,   5.900000E-01,   0.000000E+00,   0.000000E+00
       359, 8/03/2016,10:17:20,   5.600000E-01,   5.900000E-01,   0.000000E+00,   0.000000E+00
       360, 8/03/2016,10:17:21,   5.700000E-01,   7.300000E-01,   0.000000E+00,   0.000000E+00
       361, 8/03/2016,10:17:22,   5.600000E-01,   5.900000E-01,   0.000000E+00,   0.000000E+00
       362, 8/03/2016,10:17:23,   5.600000E-01,   5.900000E-01,   0.000000E+00,   0.000000E+00
       363, 8/03/2016,10:17:24,   5.600000E-01,   5.800000E-01,   0.000000E+00,   0.000000E+00
       364, 8/03/2016,10:17:25,   5.600000E-01,   5.900000E-01,   0.000000E+00,   0.000000E+00
       365, 8/03/2016,10:17:26,   5.600000E-01,   5.900000E-01,   0.000000E+00,   0.000000E+00
       366, 8/03/2016,10:17:27,   5.600000E-01,   5.900000E-01,   0.000000E+00,   0.000000E+00
       367, 8/03/2016,10:17:28,   5.600000E-01,   5.900000E-01,   0.000000E+00,   0.000000E+00
       368, 8/03/2016,10:17:29,   5.600000E-01,   5.900000E-01,   0.000000E+00,   0.000000E+00
       369, 8/03/2016,10:17:30,   5.600000E-01,   5.900000E-01,   0.000000E+00,   0.000000E+00
       370, 8/03/2016,10:17:31,   5.600000E-01,   5.900000E-01,   0.000000E+00,   0.000000E+00
       371, 8/03/2016,10:17:32,   5.600000E-01,   5.900000E-01,   0.000000E+00,   0.000000E+00
       372, 8/03/2016,10:17:33,   5.600000E-01,   5.900000E-01,   0.000000E+00,   0.000000E+00
       373, 8/03/2016,10:17:34,   5.600000E-01,   5.900000E-01,   0.000000E+00,   0.000000E+00
       374, 8/03/2016,10:17:35,   5.600000E-01,   5.900000E-01,   0.000000E+00,   0.000000E+00
       375, 8/03/2016,10:17:36,   5.600000E-01,   5.900000E-01,   0.000000E+00,   0.000000E+00
       376, 8/03/2016,10:17:37,   5.600000E-01,   5.900000E-01,   0.000000E+00,   0.000000E+00
       377, 8/03/2016,10:17:38,   5.600000E-01,   5.900000E-01,   0.000000E+00,   0.000000E+00
       378, 8/03/2016,10:17:39,   5.700000E-01,   5.900000E-01,   0.000000E+00,   0.000000E+00
       379, 8/03/2016,10:17:40,   6.400000E-01,   8.400000E-01,   0.000000E+00,   0.000000E+00
       380, 8/03/2016,10:17:41,   5.600000E-01,   6.200000E-01,   0.000000E+00,   0.000000E+00
       381, 8/03/2016,10:17:42,   5.600000E-01,   5.900000E-01,   0.000000E+00,   0.000000E+00
       382, 8/03/2016,10:17:43,   5.600000E-01,   5.900000E-01,   0.000000E+00,   0.000000E+00
       383, 8/03/2016,10:17:44,   5.600000E-01,   5.900000E-01,   0.000000E+00,   0.000000E+00
       384, 8/03/2016,10:17:45,   5.600000E-01,   5.900000E-01,   0.000000E+00,   0.000000E+00
       385, 8/03/2016,10:17:46,   5.600000E-01,   5.900000E-01,   0.000000E+00,   0.000000E+00
       386, 8/03/2016,10:17:47,   5.600000E-01,   5.900000E-01,   0.000000E+00,   0.000000E+00
       387, 8/03/2016,10:17:48,   5.600000E-01,   5.900000E-01,   0.000000E+00,   0.000000E+00
       388, 8/03/2016,10:17:49,   5.600000E-01,   5.900000E-01,   0.000000E+00,   0.000000E+00
       389, 8/03/2016,10:17:50,   5.600000E-01,   5.900000E-01,   0.000000E+00,   0.000000E+00
       390, 8/03/2016,10:17:51,   5.600000E-01,   5.900000E-01,   0.000000E+00,   0.000000E+00
       391, 8/03/2016,10:17:52,   5.700000E-01,   9.100000E-01,   0.000000E+00,   0.000000E+00
       392, 8/03/2016,10:17:53,   8.000000E-01,   2.530000E+00,   0.000000E+00,   0.000000E+00
       393, 8/03/2016,10:17:54,   5.900000E-01,   8.600000E-01,   0.000000E+00,   0.000000E+00
       394, 8/03/2016,10:17:55,   5.600000E-01,   6.200000E-01,   0.000000E+00,   0.000000E+00
       395, 8/03/2016,10:17:56,   8.200000E-01,   2.090000E+00,   0.000000E+00,   0.000000E+00
       396, 8/03/2016,10:17:57,   5.800000E-01,   7.700000E-01,   0.000000E+00,   0.000000E+00
       397, 8/03/2016,10:17:58,   5.600000E-01,   5.900000E-01,   0.000000E+00,   0.000000E+00
       398, 8/03/2016,10:17:59,   1.040000E+00,   2.260000E+00,   0.000000E+00,   0.000000E+00
       399, 8/03/2016,10:18:00,   5.700000E-01,   6.400000E-01,   0.000000E+00,   0.000000E+00
       400, 8/03/2016,10:18:01,   5.600000E-01,   6.000000E-01,   0.000000E+00,   0.000000E+00
       401, 8/03/2016,10:18:02,   5.600000E-01,   5.900000E-01,   0.000000E+00,   0.000000E+00
       402, 8/03/2016,10:18:03,   5.600000E-01,   6.400000E-01,   0.000000E+00,   0.000000E+00
       403, 8/03/2016,10:18:04,   5.600000E-01,   6.000000E-01,   0.000000E+00,   0.000000E+00
       404, 8/03/2016,10:18:05,   5.600000E-01,   6.000000E-01,   0.000000E+00,   0.000000E+00
       405, 8/03/2016,10:18:06,   5.600000E-01,   6.100000E-01,   0.000000E+00,   0.000000E+00
       406, 8/03/2016,10:18:07,   5.600000E-01,   5.900000E-01,   0.000000E+00,   0.000000E+00
       407, 8/03/2016,10:18:08,   5.600000E-01,   5.900000E-01,   0.000000E+00,   0.000000E+00
       408, 8/03/2016,10:18:09,   5.600000E-01,   5.900000E-01,   0.000000E+00,   0.000000E+00
       409, 8/03/2016,10:18:10,   5.600000E-01,   5.900000E-01,   0.000000E+00,   0.000000E+00
       410, 8/03/2016,10:18:11,   5.600000E-01,   5.900000E-01,   0.000000E+00,   0.000000E+00
       411, 8/03/2016,10:18:12,   5.600000E-01,   5.900000E-01,   0.000000E+00,   0.000000E+00
       412, 8/03/2016,10:18:13,   5.600000E-01,   5.800000E-01,   0.000000E+00,   0.000000E+00
       413, 8/03/2016,10:18:14,   5.600000E-01,   5.900000E-01,   0.000000E+00,   0.000000E+00
       414, 8/03/2016,10:18:15,   5.600000E-01,   5.900000E-01,   0.000000E+00,   0.000000E+00
       415, 8/03/2016,10:18:16,   5.600000E-01,   5.900000E-01,   0.000000E+00,   0.000000E+00
       416, 8/03/2016,10:18:17,   5.600000E-01,   5.900000E-01,   0.000000E+00,   0.000000E+00
       417, 8/03/2016,10:18:18,   5.600000E-01,   5.900000E-01,   0.000000E+00,   0.000000E+00
       418, 8/03/2016,10:18:19,   5.600000E-01,   5.900000E-01,   0.000000E+00,   0.000000E+00
       419, 8/03/2016,10:18:20,   5.600000E-01,   5.900000E-01,   0.000000E+00,   0.000000E+00
       420, 8/03/2016,10:18:21,   5.600000E-01,   6.000000E-01,   0.000000E+00,   0.000000E+00
       421, 8/03/2016,10:18:22,   5.600000E-01,   6.000000E-01,   0.000000E+00,   0.000000E+00
       422, 8/03/2016,10:18:23,   5.600000E-01,   5.900000E-01,   0.000000E+00,   0.000000E+00
       423, 8/03/2016,10:18:24,   5.600000E-01,   5.900000E-01,   0.000000E+00,   0.000000E+00
       424, 8/03/2016,10:18:25,   5.600000E-01,   5.900000E-01,   0.000000E+00,   0.000000E+00
       425, 8/03/2016,10:18:26,   5.600000E-01,   5.900000E-01,   0.000000E+00,   0.000000E+00
       426, 8/03/2016,10:18:27,   5.600000E-01,   5.900000E-01,   0.000000E+00,   0.000000E+00
       427, 8/03/2016,10:18:28,   5.600000E-01,   5.900000E-01,   0.000000E+00,   0.000000E+00
       428, 8/03/2016,10:18:29,   5.600000E-01,   5.900000E-01,   0.000000E+00,   0.000000E+00
       429, 8/03/2016,10:18:30,   5.600000E-01,   5.900000E-01,   0.000000E+00,   0.000000E+00
       430, 8/03/2016,10:18:31,   5.600000E-01,   5.900000E-01,   0.000000E+00,   0.000000E+00
       431, 8/03/2016,10:18:32,   5.600000E-01,   5.900000E-01,   0.000000E+00,   0.000000E+00
       432, 8/03/2016,10:18:33,   5.600000E-01,   5.900000E-01,   0.000000E+00,   0.000000E+00
       433, 8/03/2016,10:18:34,   5.600000E-01,   5.900000E-01,   0.000000E+00,   0.000000E+00
       434, 8/03/2016,10:18:35,   5.600000E-01,   5.900000E-01,   0.000000E+00,   0.000000E+00
       435, 8/03/2016,10:18:36,   5.600000E-01,   5.800000E-01,   0.000000E+00,   0.000000E+00
       436, 8/03/2016,10:18:37,   5.600000E-01,   5.900000E-01,   0.000000E+00,   0.000000E+00
       437, 8/03/2016,10:18:38,   5.600000E-01,   5.900000E-01,   0.000000E+00,   0.000000E+00
       438, 8/03/2016,10:18:39,   5.600000E-01,   5.900000E-01,   0.000000E+00,   0.000000E+00
       439, 8/03/2016,10:18:40,   5.600000E-01,   5.900000E-01,   0.000000E+00,   0.000000E+00
       440, 8/03/2016,10:18:41,   5.600000E-01,   5.900000E-01,   0.000000E+00,   0.000000E+00
       441, 8/03/2016,10:18:42,   5.600000E-01,   5.900000E-01,   0.000000E+00,   0.000000E+00
       442, 8/03/2016,10:18:43,   5.700000E-01,   6.800000E-01,   0.000000E+00,   0.000000E+00
       443, 8/03/2016,10:18:44,   5.600000E-01,   6.200000E-01,   0.000000E+00,   0.000000E+00
       444, 8/03/2016,10:18:45,   5.600000E-01,   5.900000E-01,   0.000000E+00,   0.000000E+00
       445, 8/03/2016,10:18:46,   5.600000E-01,   5.900000E-01,   0.000000E+00,   0.000000E+00
       446, 8/03/2016,10:18:47,   5.600000E-01,   5.900000E-01,   0.000000E+00,   0.000000E+00
       447, 8/03/2016,10:18:48,   5.600000E-01,   5.900000E-01,   0.000000E+00,   0.000000E+00
       448, 8/03/2016,10:18:49,   5.700000E-01,   6.100000E-01,   0.000000E+00,   0.000000E+00
       449, 8/03/2016,10:18:50,   5.600000E-01,   6.000000E-01,   0.000000E+00,   0.000000E+00
       450, 8/03/2016,10:18:51,   5.600000E-01,   5.900000E-01,   0.000000E+00,   0.000000E+00
       451, 8/03/2016,10:18:52,   5.600000E-01,   5.900000E-01,   0.000000E+00,   0.000000E+00
       452, 8/03/2016,10:18:53,   5.600000E-01,   5.900000E-01,   0.000000E+00,   0.000000E+00
       453, 8/03/2016,10:18:54,   5.600000E-01,   5.900000E-01,   0.000000E+00,   0.000000E+00
       454, 8/03/2016,10:18:55,   5.600000E-01,   5.900000E-01,   0.000000E+00,   0.000000E+00
       455, 8/03/2016,10:18:56,   5.600000E-01,   5.900000E-01,   0.000000E+00,   0.000000E+00
       456, 8/03/2016,10:18:57,   5.600000E-01,   5.900000E-01,   0.000000E+00,   0.000000E+00
       457, 8/03/2016,10:18:58,   5.600000E-01,   5.900000E-01,   0.000000E+00,   0.000000E+00
       458, 8/03/2016,10:18:59,   5.600000E-01,   6.300000E-01,   0.000000E+00,   0.000000E+00
       459, 8/03/2016,10:19:00,   5.600000E-01,   6.000000E-01,   0.000000E+00,   0.000000E+00
       460, 8/03/2016,10:19:01,   5.600000E-01,   5.900000E-01,   0.000000E+00,   0.000000E+00
       461, 8/03/2016,10:19:02,   5.600000E-01,   5.900000E-01,   0.000000E+00,   0.000000E+00
       462, 8/03/2016,10:19:03,   5.600000E-01,   6.000000E-01,   0.000000E+00,   0.000000E+00
       463, 8/03/2016,10:19:04,   5.600000E-01,   5.900000E-01,   0.000000E+00,   0.000000E+00
       464, 8/03/2016,10:19:05,   5.800000E-01,   7.300000E-01,   0.000000E+00,   0.000000E+00
       465, 8/03/2016,10:19:06,   9.200000E-01,   1.550000E+00,   0.000000E+00,   0.000000E+00
       466, 8/03/2016,10:19:07,   5.900000E-01,   7.100000E-01,   0.000000E+00,   0.000000E+00
       467, 8/03/2016,10:19:08,   5.600000E-01,   6.000000E-01,   0.000000E+00,   0.000000E+00
       468, 8/03/2016,10:19:09,   5.600000E-01,   6.500000E-01,   0.000000E+00,   0.000000E+00
       469, 8/03/2016,10:19:10,   5.600000E-01,   5.900000E-01,   0.000000E+00,   0.000000E+00
       470, 8/03/2016,10:19:11,   5.600000E-01,   6.000000E-01,   0.000000E+00,   0.000000E+00
       471, 8/03/2016,10:19:12,   5.600000E-01,   5.900000E-01,   0.000000E+00,   0.000000E+00
       472, 8/03/2016,10:19:13,   5.600000E-01,   5.900000E-01,   0.000000E+00,   0.000000E+00
       473, 8/03/2016,10:19:14,   5.600000E-01,   6.200000E-01,   0.000000E+00,   0.000000E+00
       474, 8/03/2016,10:19:15,   5.600000E-01,   5.900000E-01,   0.000000E+00,   0.000000E+00
       475, 8/03/2016,10:19:16,   5.600000E-01,   5.900000E-01,   0.000000E+00,   0.000000E+00
       476, 8/03/2016,10:19:17,   5.600000E-01,   5.900000E-01,   0.000000E+00,   0.000000E+00
       477, 8/03/2016,10:19:18,   5.600000E-01,   5.800000E-01,   0.000000E+00,   0.000000E+00
       478, 8/03/2016,10:19:19,   5.600000E-01,   5.900000E-01,   0.000000E+00,   0.000000E+00
       479, 8/03/2016,10:19:20,   5.600000E-01,   5.900000E-01,   0.000000E+00,   0.000000E+00
       480, 8/03/2016,10:19:21,   5.600000E-01,   5.900000E-01,   0.000000E+00,   0.000000E+00
       481, 8/03/2016,10:19:22,   5.600000E-01,   5.900000E-01,   0.000000E+00,   0.000000E+00
       482, 8/03/2016,10:19:23,   5.600000E-01,   6.200000E-01,   0.000000E+00,   0.000000E+00
       483, 8/03/2016,10:19:24,   5.600000E-01,   6.000000E-01,   0.000000E+00,   0.000000E+00
       484, 8/03/2016,10:19:25,   5.600000E-01,   5.900000E-01,   0.000000E+00,   0.000000E+00
       485, 8/03/2016,10:19:26,   5.600000E-01,   5.900000E-01,   0.000000E+00,   0.000000E+00
       486, 8/03/2016,10:19:27,   5.600000E-01,   5.900000E-01,   0.000000E+00,   0.000000E+00
       487, 8/03/2016,10:19:28,   5.600000E-01,   6.000000E-01,   0.000000E+00,   0.000000E+00
       488, 8/03/2016,10:19:29,   5.600000E-01,   6.000000E-01,   0.000000E+00,   0.000000E+00
       489, 8/03/2016,10:19:30,   5.600000E-01,   6.000000E-01,   0.000000E+00,   0.000000E+00
       490, 8/03/2016,10:19:31,   5.600000E-01,   5.900000E-01,   0.000000E+00,   0.000000E+00
       491, 8/03/2016,10:19:32,   5.600000E-01,   5.900000E-01,   0.000000E+00,   0.000000E+00
       492, 8/03/2016,10:19:33,   5.600000E-01,   5.900000E-01,   0.000000E+00,   0.000000E+00
       493, 8/03/2016,10:19:34,   5.600000E-01,   5.900000E-01,   0.000000E+00,   0.000000E+00
       494, 8/03/2016,10:19:35,   6.300000E-01,   9.400000E-01,   0.000000E+00,   0.000000E+00
       495, 8/03/2016,10:19:36,   5.600000E-01,   6.400000E-01,   0.000000E+00,   0.000000E+00
       496, 8/03/2016,10:19:37,   5.600000E-01,   5.900000E-01,   0.000000E+00,   0.000000E+00
       497, 8/03/2016,10:19:38,   5.600000E-01,   5.900000E-01,   0.000000E+00,   0.000000E+00
       498, 8/03/2016,10:19:39,   1.080000E+00,   2.430000E+00,   0.000000E+00,   0.000000E+00
       499, 8/03/2016,10:19:40,   5.800000E-01,   7.000000E-01,   0.000000E+00,   0.000000E+00
       500, 8/03/2016,10:19:41,   5.600000E-01,   6.000000E-01,   0.000000E+00,   0.000000E+00
       501, 8/03/2016,10:19:42,   5.600000E-01,   6.000000E-01,   0.000000E+00,   0.000000E+00
       502, 8/03/2016,10:19:43,   5.600000E-01,   5.900000E-01,   0.000000E+00,   0.000000E+00
       503, 8/03/2016,10:19:44,   5.600000E-01,   5.900000E-01,   0.000000E+00,   0.000000E+00
       504, 8/03/2016,10:19:45,   5.500000E-01,   5.900000E-01,   0.000000E+00,   0.000000E+00
       505, 8/03/2016,10:19:46,   5.600000E-01,   6.000000E-01,   0.000000E+00,   0.000000E+00
       506, 8/03/2016,10:19:47,   5.600000E-01,   5.900000E-01,   0.000000E+00,   0.000000E+00
       507, 8/03/2016,10:19:48,   5.600000E-01,   6.000000E-01,   0.000000E+00,   0.000000E+00
       508, 8/03/2016,10:19:49,   5.600000E-01,   5.900000E-01,   0.000000E+00,   0.000000E+00
       509, 8/03/2016,10:19:50,   5.600000E-01,   5.900000E-01,   0.000000E+00,   0.000000E+00
       510, 8/03/2016,10:19:51,   5.600000E-01,   5.900000E-01,   0.000000E+00,   0.000000E+00
       511, 8/03/2016,10:19:52,   5.600000E-01,   6.200000E-01,   0.000000E+00,   0.000000E+00
       512, 8/03/2016,10:19:53,   5.600000E-01,   5.900000E-01,   0.000000E+00,   0.000000E+00
       513, 8/03/2016,10:19:54,   5.600000E-01,   5.900000E-01,   0.000000E+00,   0.000000E+00
       514, 8/03/2016,10:19:55,   5.600000E-01,   6.000000E-01,   0.000000E+00,   0.000000E+00
       515, 8/03/2016,10:19:56,   5.600000E-01,   5.900000E-01,   0.000000E+00,   0.000000E+00
       516, 8/03/2016,10:19:57,   5.600000E-01,   6.000000E-01,   0.000000E+00,   0.000000E+00
       517, 8/03/2016,10:19:58,   5.600000E-01,   5.900000E-01,   0.000000E+00,   0.000000E+00
       518, 8/03/2016,10:19:59,   5.600000E-01,   5.900000E-01,   0.000000E+00,   0.000000E+00
       519, 8/03/2016,10:20:00,   5.600000E-01,   5.900000E-01,   0.000000E+00,   0.000000E+00
       520, 8/03/2016,10:20:01,   5.500000E-01,   5.900000E-01,   0.000000E+00,   0.000000E+00
       521, 8/03/2016,10:20:02,   5.600000E-01,   5.900000E-01,   0.000000E+00,   0.000000E+00
       522, 8/03/2016,10:20:03,   5.600000E-01,   5.900000E-01,   0.000000E+00,   0.000000E+00
       523, 8/03/2016,10:20:04,   5.600000E-01,   5.900000E-01,   0.000000E+00,   0.000000E+00
       524, 8/03/2016,10:20:05,   5.600000E-01,   5.800000E-01,   0.000000E+00,   0.000000E+00
       525, 8/03/2016,10:20:06,   5.600000E-01,   5.800000E-01,   0.000000E+00,   0.000000E+00
       526, 8/03/2016,10:20:07,   5.600000E-01,   5.900000E-01,   0.000000E+00,   0.000000E+00
       527, 8/03/2016,10:20:08,   5.500000E-01,   5.800000E-01,   0.000000E+00,   0.000000E+00
       528, 8/03/2016,10:20:09,   5.600000E-01,   6.000000E-01,   0.000000E+00,   0.000000E+00
       529, 8/03/2016,10:20:10,   5.700000E-01,   6.000000E-01,   0.000000E+00,   0.000000E+00
       530, 8/03/2016,10:20:11,   5.600000E-01,   5.900000E-01,   0.000000E+00,   0.000000E+00
       531, 8/03/2016,10:20:12,   5.600000E-01,   5.900000E-01,   0.000000E+00,   0.000000E+00
       532, 8/03/2016,10:20:13,   5.600000E-01,   5.900000E-01,   0.000000E+00,   0.000000E+00
       533, 8/03/2016,10:20:14,   5.600000E-01,   5.900000E-01,   0.000000E+00,   0.000000E+00
       534, 8/03/2016,10:20:15,   5.600000E-01,   5.800000E-01,   0.000000E+00,   0.000000E+00
       535, 8/03/2016,10:20:16,   5.600000E-01,   5.900000E-01,   0.000000E+00,   0.000000E+00
       536, 8/03/2016,10:20:17,   5.600000E-01,   5.900000E-01,   0.000000E+00,   0.000000E+00
       537, 8/03/2016,10:20:18,   5.600000E-01,   6.000000E-01,   0.000000E+00,   0.000000E+00
       538, 8/03/2016,10:20:19,   5.600000E-01,   6.000000E-01,   0.000000E+00,   0.000000E+00
       539, 8/03/2016,10:20:20,   5.600000E-01,   5.900000E-01,   0.000000E+00,   0.000000E+00
       540, 8/03/2016,10:20:21,   5.600000E-01,   5.900000E-01,   0.000000E+00,   0.000000E+00
       541, 8/03/2016,10:20:22,   5.600000E-01,   6.000000E-01,   0.000000E+00,   0.000000E+00
       542, 8/03/2016,10:20:23,   5.600000E-01,   5.900000E-01,   0.000000E+00,   0.000000E+00
       543, 8/03/2016,10:20:24,   5.600000E-01,   5.900000E-01,   0.000000E+00,   0.000000E+00
       544, 8/03/2016,10:20:25,   5.600000E-01,   5.900000E-01,   0.000000E+00,   0.000000E+00
       545, 8/03/2016,10:20:26,   5.600000E-01,   6.000000E-01,   0.000000E+00,   0.000000E+00
       546, 8/03/2016,10:20:27,   5.600000E-01,   7.000000E-01,   0.000000E+00,   0.000000E+00
       547, 8/03/2016,10:20:28,   6.300000E-01,   9.000000E-01,   0.000000E+00,   0.000000E+00
       548, 8/03/2016,10:20:29,   5.600000E-01,   6.000000E-01,   0.000000E+00,   0.000000E+00
       549, 8/03/2016,10:20:30,   5.600000E-01,   5.900000E-01,   0.000000E+00,   0.000000E+00
       550, 8/03/2016,10:20:31,   5.600000E-01,   5.900000E-01,   0.000000E+00,   0.000000E+00
       551, 8/03/2016,10:20:32,   5.600000E-01,   5.900000E-01,   0.000000E+00,   0.000000E+00
       552, 8/03/2016,10:20:33,   5.600000E-01,   5.900000E-01,   0.000000E+00,   0.000000E+00
       553, 8/03/2016,10:20:34,   5.600000E-01,   5.900000E-01,   0.000000E+00,   0.000000E+00
       554, 8/03/2016,10:20:35,   6.000000E-01,   8.700000E-01,   0.000000E+00,   0.000000E+00
       555, 8/03/2016,10:20:36,   5.600000E-01,   6.000000E-01,   0.000000E+00,   0.000000E+00
       556, 8/03/2016,10:20:37,   5.600000E-01,   6.100000E-01,   0.000000E+00,   0.000000E+00
       557, 8/03/2016,10:20:38,   5.900000E-01,   6.800000E-01,   0.000000E+00,   0.000000E+00
       558, 8/03/2016,10:20:39,   5.600000E-01,   6.000000E-01,   0.000000E+00,   0.000000E+00
       559, 8/03/2016,10:20:40,   5.600000E-01,   5.900000E-01,   0.000000E+00,   0.000000E+00
       560, 8/03/2016,10:20:41,   5.600000E-01,   5.900000E-01,   0.000000E+00,   0.000000E+00
       561, 8/03/2016,10:20:42,   5.600000E-01,   5.900000E-01,   0.000000E+00,   0.000000E+00
       562, 8/03/2016,10:20:43,   5.600000E-01,   5.900000E-01,   0.000000E+00,   0.000000E+00
       563, 8/03/2016,10:20:44,   5.600000E-01,   5.900000E-01,   0.000000E+00,   0.000000E+00
       564, 8/03/2016,10:20:45,   5.600000E-01,   5.900000E-01,   0.000000E+00,   0.000000E+00
       565, 8/03/2016,10:20:46,   5.600000E-01,   5.900000E-01,   0.000000E+00,   0.000000E+00
       566, 8/03/2016,10:20:47,   5.600000E-01,   5.900000E-01,   0.000000E+00,   0.000000E+00
       567, 8/03/2016,10:20:48,   5.600000E-01,   5.900000E-01,   0.000000E+00,   0.000000E+00
       568, 8/03/2016,10:20:49,   5.500000E-01,   5.900000E-01,   0.000000E+00,   0.000000E+00
       569, 8/03/2016,10:20:50,   5.600000E-01,   5.900000E-01,   0.000000E+00,   0.000000E+00
       570, 8/03/2016,10:20:51,   5.600000E-01,   5.900000E-01,   0.000000E+00,   0.000000E+00
       571, 8/03/2016,10:20:52,   5.700000E-01,   6.000000E-01,   0.000000E+00,   0.000000E+00
       572, 8/03/2016,10:20:53,   5.600000E-01,   6.600000E-01,   0.000000E+00,   0.000000E+00
       573, 8/03/2016,10:20:54,   5.600000E-01,   6.400000E-01,   0.000000E+00,   0.000000E+00
       574, 8/03/2016,10:20:55,   1.040000E+00,   1.510000E+00,   0.000000E+00,   0.000000E+00
       575, 8/03/2016,10:20:56,   5.700000E-01,   6.200000E-01,   0.000000E+00,   0.000000E+00
       576, 8/03/2016,10:20:57,   5.600000E-01,   5.900000E-01,   0.000000E+00,   0.000000E+00
       577, 8/03/2016,10:20:58,   5.600000E-01,   5.900000E-01,   0.000000E+00,   0.000000E+00
       578, 8/03/2016,10:20:59,   5.600000E-01,   5.900000E-01,   0.000000E+00,   0.000000E+00
       579, 8/03/2016,10:21:00,   5.600000E-01,   5.900000E-01,   0.000000E+00,   0.000000E+00
       580, 8/03/2016,10:21:01,   5.600000E-01,   5.800000E-01,   0.000000E+00,   0.000000E+00
       581, 8/03/2016,10:21:02,   5.600000E-01,   5.900000E-01,   0.000000E+00,   0.000000E+00
       582, 8/03/2016,10:21:03,   5.600000E-01,   5.900000E-01,   0.000000E+00,   0.000000E+00
       583, 8/03/2016,10:21:04,   5.600000E-01,   5.900000E-01,   0.000000E+00,   0.000000E+00
       584, 8/03/2016,10:21:05,   5.600000E-01,   6.000000E-01,   0.000000E+00,   0.000000E+00
       585, 8/03/2016,10:21:06,   5.600000E-01,   6.000000E-01,   0.000000E+00,   0.000000E+00
       586, 8/03/2016,10:21:07,   5.600000E-01,   5.900000E-01,   0.000000E+00,   0.000000E+00
       587, 8/03/2016,10:21:08,   5.600000E-01,   5.900000E-01,   0.000000E+00,   0.000000E+00
       588, 8/03/2016,10:21:09,   5.600000E-01,   5.800000E-01,   0.000000E+00,   0.000000E+00
       589, 8/03/2016,10:21:10,   5.600000E-01,   5.900000E-01,   0.000000E+00,   0.000000E+00
       590, 8/03/2016,10:21:11,   5.600000E-01,   5.900000E-01,   0.000000E+00,   0.000000E+00
       591, 8/03/2016,10:21:12,   5.600000E-01,   5.900000E-01,   0.000000E+00,   0.000000E+00
       592, 8/03/2016,10:21:13,   5.600000E-01,   5.900000E-01,   0.000000E+00,   0.000000E+00
       593, 8/03/2016,10:21:14,   5.600000E-01,   5.900000E-01,   0.000000E+00,   0.000000E+00
       594, 8/03/2016,10:21:15,   5.600000E-01,   5.900000E-01,   0.000000E+00,   0.000000E+00
       595, 8/03/2016,10:21:16,   5.600000E-01,   5.900000E-01,   0.000000E+00,   0.000000E+00
       596, 8/03/2016,10:21:17,   5.600000E-01,   5.900000E-01,   0.000000E+00,   0.000000E+00
       597, 8/03/2016,10:21:18,   5.600000E-01,   5.900000E-01,   0.000000E+00,   0.000000E+00
       598, 8/03/2016,10:21:19,   5.600000E-01,   5.900000E-01,   0.000000E+00,   0.000000E+00
       599, 8/03/2016,10:21:20,   5.600000E-01,   5.900000E-01,   0.000000E+00,   0.000000E+00
       600, 8/03/2016,10:21:21,   5.600000E-01,   5.900000E-01,   0.000000E+00,   0.000000E+00
       601, 8/03/2016,10:21:22,   5.600000E-01,   5.900000E-01,   0.000000E+00,   0.000000E+00
       602, 8/03/2016,10:21:23,   5.600000E-01,   5.900000E-01,   0.000000E+00,   0.000000E+00
       603, 8/03/2016,10:21:24,   5.600000E-01,   5.900000E-01,   0.000000E+00,   0.000000E+00
       604, 8/03/2016,10:21:25,   5.600000E-01,   5.900000E-01,   0.000000E+00,   0.000000E+00
       605, 8/03/2016,10:21:26,   5.600000E-01,   5.900000E-01,   0.000000E+00,   0.000000E+00
       606, 8/03/2016,10:21:27,   5.600000E-01,   5.900000E-01,   0.000000E+00,   0.000000E+00
       607, 8/03/2016,10:21:28,   5.600000E-01,   5.900000E-01,   0.000000E+00,   0.000000E+00
       608, 8/03/2016,10:21:29,   5.600000E-01,   5.900000E-01,   0.000000E+00,   0.000000E+00
       609, 8/03/2016,10:21:30,   5.600000E-01,   5.900000E-01,   0.000000E+00,   0.000000E+00
       610, 8/03/2016,10:21:31,   5.600000E-01,   5.900000E-01,   0.000000E+00,   0.000000E+00
       611, 8/03/2016,10:21:32,   5.600000E-01,   5.900000E-01,   0.000000E+00,   0.000000E+00
       612, 8/03/2016,10:21:33,   5.600000E-01,   5.900000E-01,   0.000000E+00,   0.000000E+00
       613, 8/03/2016,10:21:34,   5.600000E-01,   5.900000E-01,   0.000000E+00,   0.000000E+00
       614, 8/03/2016,10:21:35,   5.600000E-01,   6.000000E-01,   0.000000E+00,   0.000000E+00
       615, 8/03/2016,10:21:36,   5.600000E-01,   5.900000E-01,   0.000000E+00,   0.000000E+00
       616, 8/03/2016,10:21:37,   5.600000E-01,   5.900000E-01,   0.000000E+00,   0.000000E+00
       617, 8/03/2016,10:21:38,   5.600000E-01,   5.900000E-01,   0.000000E+00,   0.000000E+00
       618, 8/03/2016,10:21:39,   5.600000E-01,   5.900000E-01,   0.000000E+00,   0.000000E+00
       619, 8/03/2016,10:21:40,   5.600000E-01,   5.900000E-01,   0.000000E+00,   0.000000E+00
       620, 8/03/2016,10:21:41,   5.600000E-01,   5.900000E-01,   0.000000E+00,   0.000000E+00
       621, 8/03/2016,10:21:42,   5.600000E-01,   5.900000E-01,   0.000000E+00,   0.000000E+00
       622, 8/03/2016,10:21:43,   5.600000E-01,   5.900000E-01,   0.000000E+00,   0.000000E+00
       623, 8/03/2016,10:21:44,   5.600000E-01,   5.900000E-01,   0.000000E+00,   0.000000E+00
       624, 8/03/2016,10:21:45,   5.600000E-01,   5.900000E-01,   0.000000E+00,   0.000000E+00
       625, 8/03/2016,10:21:46,   5.600000E-01,   5.900000E-01,   0.000000E+00,   0.000000E+00
       626, 8/03/2016,10:21:47,   5.600000E-01,   5.900000E-01,   0.000000E+00,   0.000000E+00
       627, 8/03/2016,10:21:48,   5.600000E-01,   5.900000E-01,   0.000000E+00,   0.000000E+00
       628, 8/03/2016,10:21:49,   5.500000E-01,   5.900000E-01,   0.000000E+00,   0.000000E+00
       629, 8/03/2016,10:21:50,   5.600000E-01,   6.200000E-01,   0.000000E+00,   0.000000E+00
       630, 8/03/2016,10:21:51,   5.600000E-01,   6.000000E-01,   0.000000E+00,   0.000000E+00
       631, 8/03/2016,10:21:52,   5.600000E-01,   6.000000E-01,   0.000000E+00,   0.000000E+00
       632, 8/03/2016,10:21:53,   6.000000E-01,   7.500000E-01,   0.000000E+00,   0.000000E+00
       633, 8/03/2016,10:21:54,   5.600000E-01,   6.000000E-01,   0.000000E+00,   0.000000E+00
       634, 8/03/2016,10:21:55,   5.600000E-01,   5.900000E-01,   0.000000E+00,   0.000000E+00
       635, 8/03/2016,10:21:56,   5.600000E-01,   6.000000E-01,   0.000000E+00,   0.000000E+00
       636, 8/03/2016,10:21:57,   5.600000E-01,   5.900000E-01,   0.000000E+00,   0.000000E+00
       637, 8/03/2016,10:21:58,   5.600000E-01,   5.900000E-01,   0.000000E+00,   0.000000E+00
       638, 8/03/2016,10:21:59,   5.600000E-01,   5.900000E-01,   0.000000E+00,   0.000000E+00
       639, 8/03/2016,10:22:00,   5.600000E-01,   5.900000E-01,   0.000000E+00,   0.000000E+00
       640, 8/03/2016,10:22:01,   5.600000E-01,   5.900000E-01,   0.000000E+00,   0.000000E+00
       641, 8/03/2016,10:22:02,   5.600000E-01,   5.900000E-01,   0.000000E+00,   0.000000E+00
       642, 8/03/2016,10:22:03,   5.600000E-01,   5.900000E-01,   0.000000E+00,   0.000000E+00
       643, 8/03/2016,10:22:04,   5.600000E-01,   5.900000E-01,   0.000000E+00,   0.000000E+00
       644, 8/03/2016,10:22:05,   5.600000E-01,   5.900000E-01,   0.000000E+00,   0.000000E+00
       645, 8/03/2016,10:22:06,   5.600000E-01,   5.900000E-01,   0.000000E+00,   0.000000E+00
       646, 8/03/2016,10:22:07,   5.600000E-01,   5.900000E-01,   0.000000E+00,   0.000000E+00
       647, 8/03/2016,10:22:08,   5.600000E-01,   5.900000E-01,   0.000000E+00,   0.000000E+00
       648, 8/03/2016,10:22:09,   5.600000E-01,   5.900000E-01,   0.000000E+00,   0.000000E+00
       649, 8/03/2016,10:22:10,   5.600000E-01,   5.900000E-01,   0.000000E+00,   0.000000E+00
       650, 8/03/2016,10:22:11,   5.600000E-01,   5.900000E-01,   0.000000E+00,   0.000000E+00
       651, 8/03/2016,10:22:12,   5.500000E-01,   5.900000E-01,   0.000000E+00,   0.000000E+00
       652, 8/03/2016,10:22:13,   5.600000E-01,   5.900000E-01,   0.000000E+00,   0.000000E+00
       653, 8/03/2016,10:22:14,   5.600000E-01,   5.900000E-01,   0.000000E+00,   0.000000E+00
       654, 8/03/2016,10:22:15,   5.600000E-01,   5.800000E-01,   0.000000E+00,   0.000000E+00
       655, 8/03/2016,10:22:16,   5.600000E-01,   5.900000E-01,   0.000000E+00,   0.000000E+00
       656, 8/03/2016,10:22:17,   5.800000E-01,   7.200000E-01,   0.000000E+00,   0.000000E+00
       657, 8/03/2016,10:22:18,   5.700000E-01,   6.100000E-01,   0.000000E+00,   0.000000E+00
       658, 8/03/2016,10:22:19,   5.600000E-01,   5.900000E-01,   0.000000E+00,   0.000000E+00
       659, 8/03/2016,10:22:20,   5.600000E-01,   5.900000E-01,   0.000000E+00,   0.000000E+00
       660, 8/03/2016,10:22:21,   5.500000E-01,   6.100000E-01,   0.000000E+00,   0.000000E+00
       661, 8/03/2016,10:22:22,   5.600000E-01,   5.900000E-01,   0.000000E+00,   0.000000E+00
       662, 8/03/2016,10:22:23,   5.600000E-01,   5.900000E-01,   0.000000E+00,   0.000000E+00
       663, 8/03/2016,10:22:24,   5.600000E-01,   5.900000E-01,   0.000000E+00,   0.000000E+00
       664, 8/03/2016,10:22:25,   5.600000E-01,   5.800000E-01,   0.000000E+00,   0.000000E+00
       665, 8/03/2016,10:22:26,   5.600000E-01,   5.900000E-01,   0.000000E+00,   0.000000E+00
       666, 8/03/2016,10:22:27,   5.600000E-01,   5.900000E-01,   0.000000E+00,   0.000000E+00
       667, 8/03/2016,10:22:28,   5.600000E-01,   5.900000E-01,   0.000000E+00,   0.000000E+00
       668, 8/03/2016,10:22:29,   5.600000E-01,   5.900000E-01,   0.000000E+00,   0.000000E+00
       669, 8/03/2016,10:22:30,   5.600000E-01,   5.900000E-01,   0.000000E+00,   0.000000E+00
       670, 8/03/2016,10:22:31,   5.600000E-01,   5.900000E-01,   0.000000E+00,   0.000000E+00
       671, 8/03/2016,10:22:32,   5.600000E-01,   5.900000E-01,   0.000000E+00,   0.000000E+00
       672, 8/03/2016,10:22:33,   5.600000E-01,   5.900000E-01,   0.000000E+00,   0.000000E+00
       673, 8/03/2016,10:22:34,   5.600000E-01,   5.900000E-01,   0.000000E+00,   0.000000E+00
       674, 8/03/2016,10:22:35,   5.600000E-01,   5.900000E-01,   0.000000E+00,   0.000000E+00
       675, 8/03/2016,10:22:36,   5.600000E-01,   5.900000E-01,   0.000000E+00,   0.000000E+00
       676, 8/03/2016,10:22:37,   5.600000E-01,   5.900000E-01,   0.000000E+00,   0.000000E+00
       677, 8/03/2016,10:22:38,   5.600000E-01,   5.900000E-01,   0.000000E+00,   0.000000E+00
       678, 8/03/2016,10:22:39,   5.600000E-01,   5.900000E-01,   0.000000E+00,   0.000000E+00
       679, 8/03/2016,10:22:40,   5.600000E-01,   5.900000E-01,   0.000000E+00,   0.000000E+00
       680, 8/03/2016,10:22:41,   5.600000E-01,   5.900000E-01,   0.000000E+00,   0.000000E+00
       681, 8/03/2016,10:22:42,   5.600000E-01,   5.900000E-01,   0.000000E+00,   0.000000E+00
       682, 8/03/2016,10:22:43,   5.500000E-01,   6.000000E-01,   0.000000E+00,   0.000000E+00
       683, 8/03/2016,10:22:44,   5.600000E-01,   6.000000E-01,   0.000000E+00,   0.000000E+00
       684, 8/03/2016,10:22:45,   5.900000E-01,   6.700000E-01,   0.000000E+00,   0.000000E+00
       685, 8/03/2016,10:22:46,   5.600000E-01,   6.000000E-01,   0.000000E+00,   0.000000E+00
       686, 8/03/2016,10:22:47,   5.600000E-01,   5.900000E-01,   0.000000E+00,   0.000000E+00
       687, 8/03/2016,10:22:48,   5.600000E-01,   5.800000E-01,   0.000000E+00,   0.000000E+00
       688, 8/03/2016,10:22:50,   5.600000E-01,   5.900000E-01,   0.000000E+00,   0.000000E+00
       689, 8/03/2016,10:22:51,   5.600000E-01,   5.900000E-01,   0.000000E+00,   0.000000E+00
       690, 8/03/2016,10:22:52,   5.600000E-01,   5.900000E-01,   0.000000E+00,   0.000000E+00
       691, 8/03/2016,10:22:53,   5.600000E-01,   5.900000E-01,   0.000000E+00,   0.000000E+00
       692, 8/03/2016,10:22:54,   5.600000E-01,   5.900000E-01,   0.000000E+00,   0.000000E+00
       693, 8/03/2016,10:22:55,   5.600000E-01,   5.900000E-01,   0.000000E+00,   0.000000E+00
       694, 8/03/2016,10:22:56,   5.600000E-01,   5.900000E-01,   0.000000E+00,   0.000000E+00
       695, 8/03/2016,10:22:57,   5.600000E-01,   5.900000E-01,   0.000000E+00,   0.000000E+00
       696, 8/03/2016,10:22:58,   5.600000E-01,   5.900000E-01,   0.000000E+00,   0.000000E+00
       697, 8/03/2016,10:22:59,   5.600000E-01,   5.900000E-01,   0.000000E+00,   0.000000E+00
       698, 8/03/2016,10:23:00,   5.600000E-01,   5.800000E-01,   0.000000E+00,   0.000000E+00
       699, 8/03/2016,10:23:01,   5.600000E-01,   5.900000E-01,   0.000000E+00,   0.000000E+00
       700, 8/03/2016,10:23:02,   5.600000E-01,   5.900000E-01,   0.000000E+00,   0.000000E+00
       701, 8/03/2016,10:23:03,   5.600000E-01,   5.900000E-01,   0.000000E+00,   0.000000E+00
       702, 8/03/2016,10:23:04,   5.600000E-01,   5.900000E-01,   0.000000E+00,   0.000000E+00
       703, 8/03/2016,10:23:05,   5.600000E-01,   5.900000E-01,   0.000000E+00,   0.000000E+00
       704, 8/03/2016,10:23:06,   5.600000E-01,   5.900000E-01,   0.000000E+00,   0.000000E+00
       705, 8/03/2016,10:23:07,   5.600000E-01,   5.900000E-01,   0.000000E+00,   0.000000E+00
       706, 8/03/2016,10:23:08,   5.600000E-01,   5.900000E-01,   0.000000E+00,   0.000000E+00
       707, 8/03/2016,10:23:09,   5.600000E-01,   5.900000E-01,   0.000000E+00,   0.000000E+00
       708, 8/03/2016,10:23:10,   5.600000E-01,   5.900000E-01,   0.000000E+00,   0.000000E+00
       709, 8/03/2016,10:23:11,   5.600000E-01,   5.900000E-01,   0.000000E+00,   0.000000E+00
       710, 8/03/2016,10:23:12,   5.600000E-01,   5.900000E-01,   0.000000E+00,   0.000000E+00
       711, 8/03/2016,10:23:13,   5.600000E-01,   5.900000E-01,   0.000000E+00,   0.000000E+00
       712, 8/03/2016,10:23:14,   5.600000E-01,   5.900000E-01,   0.000000E+00,   0.000000E+00
       713, 8/03/2016,10:23:15,   5.600000E-01,   5.900000E-01,   0.000000E+00,   0.000000E+00
       714, 8/03/2016,10:23:16,   5.600000E-01,   5.800000E-01,   0.000000E+00,   0.000000E+00
       715, 8/03/2016,10:23:17,   5.600000E-01,   5.900000E-01,   0.000000E+00,   0.000000E+00
       716, 8/03/2016,10:23:18,   5.600000E-01,   5.900000E-01,   0.000000E+00,   0.000000E+00
       717, 8/03/2016,10:23:19,   5.600000E-01,   5.900000E-01,   0.000000E+00,   0.000000E+00
       718, 8/03/2016,10:23:20,   5.600000E-01,   5.900000E-01,   0.000000E+00,   0.000000E+00
       719, 8/03/2016,10:23:21,   5.600000E-01,   5.900000E-01,   0.000000E+00,   0.000000E+00
       720, 8/03/2016,10:23:22,   5.600000E-01,   5.900000E-01,   0.000000E+00,   0.000000E+00
       721, 8/03/2016,10:23:23,   5.600000E-01,   5.900000E-01,   0.000000E+00,   0.000000E+00
       722, 8/03/2016,10:23:24,   5.600000E-01,   5.900000E-01,   0.000000E+00,   0.000000E+00
       723, 8/03/2016,10:23:25,   5.600000E-01,   5.900000E-01,   0.000000E+00,   0.000000E+00
       724, 8/03/2016,10:23:26,   5.600000E-01,   5.900000E-01,   0.000000E+00,   0.000000E+00
       725, 8/03/2016,10:23:27,   5.600000E-01,   5.800000E-01,   0.000000E+00,   0.000000E+00
       726, 8/03/2016,10:23:28,   5.600000E-01,   5.900000E-01,   0.000000E+00,   0.000000E+00
       727, 8/03/2016,10:23:29,   5.600000E-01,   5.900000E-01,   0.000000E+00,   0.000000E+00
       728, 8/03/2016,10:23:30,   5.600000E-01,   5.900000E-01,   0.000000E+00,   0.000000E+00
       729, 8/03/2016,10:23:31,   5.600000E-01,   6.000000E-01,   0.000000E+00,   0.000000E+00
       730, 8/03/2016,10:23:32,   5.600000E-01,   5.900000E-01,   0.000000E+00,   0.000000E+00
       731, 8/03/2016,10:23:33,   5.500000E-01,   6.000000E-01,   0.000000E+00,   0.000000E+00
       732, 8/03/2016,10:23:34,   5.600000E-01,   5.900000E-01,   0.000000E+00,   0.000000E+00
       733, 8/03/2016,10:23:35,   5.500000E-01,   5.900000E-01,   0.000000E+00,   0.000000E+00
       734, 8/03/2016,10:23:36,   5.500000E-01,   5.800000E-01,   0.000000E+00,   0.000000E+00
       735, 8/03/2016,10:23:37,   5.600000E-01,   5.900000E-01,   0.000000E+00,   0.000000E+00
       736, 8/03/2016,10:23:38,   5.500000E-01,   5.900000E-01,   0.000000E+00,   0.000000E+00
       737, 8/03/2016,10:23:39,   5.600000E-01,   5.900000E-01,   0.000000E+00,   0.000000E+00
       738, 8/03/2016,10:23:40,   5.600000E-01,   5.900000E-01,   0.000000E+00,   0.000000E+00
       739, 8/03/2016,10:23:41,   5.600000E-01,   5.900000E-01,   0.000000E+00,   0.000000E+00
       740, 8/03/2016,10:23:42,   5.600000E-01,   5.900000E-01,   0.000000E+00,   0.000000E+00
       741, 8/03/2016,10:23:43,   5.600000E-01,   5.800000E-01,   0.000000E+00,   0.000000E+00
       742, 8/03/2016,10:23:44,   5.600000E-01,   5.900000E-01,   0.000000E+00,   0.000000E+00
       743, 8/03/2016,10:23:45,   5.600000E-01,   5.800000E-01,   0.000000E+00,   0.000000E+00
       744, 8/03/2016,10:23:46,   5.600000E-01,   5.900000E-01,   0.000000E+00,   0.000000E+00
       745, 8/03/2016,10:23:47,   1.670000E+00,   4.010000E+00,   0.000000E+00,   0.000000E+00
       746, 8/03/2016,10:23:48,   6.000000E-01,   7.200000E-01,   0.000000E+00,   0.000000E+00
       747, 8/03/2016,10:23:49,   5.600000E-01,   6.000000E-01,   0.000000E+00,   0.000000E+00
       748, 8/03/2016,10:23:50,   5.600000E-01,   5.900000E-01,   0.000000E+00,   0.000000E+00
       749, 8/03/2016,10:23:51,   5.600000E-01,   6.000000E-01,   0.000000E+00,   0.000000E+00
       750, 8/03/2016,10:23:52,   5.600000E-01,   5.900000E-01,   0.000000E+00,   0.000000E+00
       751, 8/03/2016,10:23:53,   5.600000E-01,   5.900000E-01,   0.000000E+00,   0.000000E+00
       752, 8/03/2016,10:23:54,   5.600000E-01,   5.900000E-01,   0.000000E+00,   0.000000E+00
       753, 8/03/2016,10:23:55,   5.600000E-01,   5.900000E-01,   0.000000E+00,   0.000000E+00
       754, 8/03/2016,10:23:56,   5.500000E-01,   6.000000E-01,   0.000000E+00,   0.000000E+00
       755, 8/03/2016,10:23:57,   5.500000E-01,   5.900000E-01,   0.000000E+00,   0.000000E+00
       756, 8/03/2016,10:23:58,   5.600000E-01,   5.900000E-01,   0.000000E+00,   0.000000E+00
       757, 8/03/2016,10:23:59,   6.000000E-01,   7.600000E-01,   0.000000E+00,   0.000000E+00
       758, 8/03/2016,10:24:00,   5.600000E-01,   6.200000E-01,   0.000000E+00,   0.000000E+00
       759, 8/03/2016,10:24:01,   5.600000E-01,   5.900000E-01,   0.000000E+00,   0.000000E+00
       760, 8/03/2016,10:24:02,   5.600000E-01,   5.900000E-01,   0.000000E+00,   0.000000E+00
       761, 8/03/2016,10:24:03,   5.500000E-01,   5.900000E-01,   0.000000E+00,   0.000000E+00
       762, 8/03/2016,10:24:04,   5.600000E-01,   6.100000E-01,   0.000000E+00,   0.000000E+00
       763, 8/03/2016,10:24:05,   5.600000E-01,   6.000000E-01,   0.000000E+00,   0.000000E+00
       764, 8/03/2016,10:24:06,   5.600000E-01,   5.900000E-01,   0.000000E+00,   0.000000E+00
       765, 8/03/2016,10:24:07,   5.600000E-01,   5.900000E-01,   0.000000E+00,   0.000000E+00
       766, 8/03/2016,10:24:08,   5.600000E-01,   5.900000E-01,   0.000000E+00,   0.000000E+00
       767, 8/03/2016,10:24:09,   5.700000E-01,   7.100000E-01,   0.000000E+00,   0.000000E+00
       768, 8/03/2016,10:24:10,   5.600000E-01,   6.400000E-01,   0.000000E+00,   0.000000E+00
       769, 8/03/2016,10:24:11,   5.600000E-01,   6.000000E-01,   0.000000E+00,   0.000000E+00
       770, 8/03/2016,10:24:12,   5.500000E-01,   6.000000E-01,   0.000000E+00,   0.000000E+00
       771, 8/03/2016,10:24:13,   6.700000E-01,   1.140000E+00,   0.000000E+00,   0.000000E+00
       772, 8/03/2016,10:24:14,   5.600000E-01,   6.200000E-01,   0.000000E+00,   0.000000E+00
       773, 8/03/2016,10:24:15,   5.600000E-01,   5.900000E-01,   0.000000E+00,   0.000000E+00
       774, 8/03/2016,10:24:16,   5.600000E-01,   5.900000E-01,   0.000000E+00,   0.000000E+00
       775, 8/03/2016,10:24:17,   5.600000E-01,   6.000000E-01,   0.000000E+00,   0.000000E+00
       776, 8/03/2016,10:24:18,   5.600000E-01,   5.900000E-01,   0.000000E+00,   0.000000E+00
       777, 8/03/2016,10:24:19,   5.600000E-01,   6.000000E-01,   0.000000E+00,   0.000000E+00
       778, 8/03/2016,10:24:20,   5.600000E-01,   5.900000E-01,   0.000000E+00,   0.000000E+00
       779, 8/03/2016,10:24:21,   5.600000E-01,   5.900000E-01,   0.000000E+00,   0.000000E+00
       780, 8/03/2016,10:24:22,   5.600000E-01,   5.800000E-01,   0.000000E+00,   0.000000E+00
       781, 8/03/2016,10:24:23,   5.600000E-01,   5.900000E-01,   0.000000E+00,   0.000000E+00
       782, 8/03/2016,10:24:24,   5.600000E-01,   5.900000E-01,   0.000000E+00,   0.000000E+00
       783, 8/03/2016,10:24:25,   5.600000E-01,   5.900000E-01,   0.000000E+00,   0.000000E+00
       784, 8/03/2016,10:24:26,   5.600000E-01,   6.000000E-01,   0.000000E+00,   0.000000E+00
       785, 8/03/2016,10:24:27,   5.600000E-01,   6.100000E-01,   0.000000E+00,   0.000000E+00
       786, 8/03/2016,10:24:28,   5.600000E-01,   5.900000E-01,   0.000000E+00,   0.000000E+00
       787, 8/03/2016,10:24:29,   5.500000E-01,   6.000000E-01,   0.000000E+00,   0.000000E+00
       788, 8/03/2016,10:24:30,   5.500000E-01,   6.000000E-01,   0.000000E+00,   0.000000E+00
       789, 8/03/2016,10:24:31,   5.500000E-01,   5.900000E-01,   0.000000E+00,   0.000000E+00
       790, 8/03/2016,10:24:32,   5.500000E-01,   6.200000E-01,   0.000000E+00,   0.000000E+00
       791, 8/03/2016,10:24:33,   5.700000E-01,   6.300000E-01,   0.000000E+00,   0.000000E+00
       792, 8/03/2016,10:24:34,   5.600000E-01,   6.000000E-01,   0.000000E+00,   0.000000E+00
       793, 8/03/2016,10:24:35,   5.600000E-01,   5.900000E-01,   0.000000E+00,   0.000000E+00
       794, 8/03/2016,10:24:36,   5.600000E-01,   5.800000E-01,   0.000000E+00,   0.000000E+00
       795, 8/03/2016,10:24:37,   5.500000E-01,   5.900000E-01,   0.000000E+00,   0.000000E+00
       796, 8/03/2016,10:24:38,   5.600000E-01,   6.100000E-01,   0.000000E+00,   0.000000E+00
       797, 8/03/2016,10:24:39,   5.600000E-01,   5.900000E-01,   0.000000E+00,   0.000000E+00
       798, 8/03/2016,10:24:40,   5.600000E-01,   5.800000E-01,   0.000000E+00,   0.000000E+00
       799, 8/03/2016,10:24:41,   5.600000E-01,   5.900000E-01,   0.000000E+00,   0.000000E+00
       800, 8/03/2016,10:24:42,   5.600000E-01,   5.900000E-01,   0.000000E+00,   0.000000E+00
       801, 8/03/2016,10:24:43,   5.600000E-01,   5.900000E-01,   0.000000E+00,   0.000000E+00
       802, 8/03/2016,10:24:44,   5.600000E-01,   6.000000E-01,   0.000000E+00,   0.000000E+00
       803, 8/03/2016,10:24:45,   5.600000E-01,   5.900000E-01,   0.000000E+00,   0.000000E+00
       804, 8/03/2016,10:24:46,   5.600000E-01,   5.900000E-01,   0.000000E+00,   0.000000E+00
       805, 8/03/2016,10:24:47,   5.600000E-01,   5.900000E-01,   0.000000E+00,   0.000000E+00
       806, 8/03/2016,10:24:48,   5.600000E-01,   5.900000E-01,   0.000000E+00,   0.000000E+00
       807, 8/03/2016,10:24:49,   5.600000E-01,   5.900000E-01,   0.000000E+00,   0.000000E+00
       808, 8/03/2016,10:24:50,   5.600000E-01,   5.800000E-01,   0.000000E+00,   0.000000E+00
       809, 8/03/2016,10:24:51,   5.500000E-01,   5.800000E-01,   0.000000E+00,   0.000000E+00
       810, 8/03/2016,10:24:52,   5.600000E-01,   6.000000E-01,   0.000000E+00,   0.000000E+00
       811, 8/03/2016,10:24:53,   5.500000E-01,   6.100000E-01,   0.000000E+00,   0.000000E+00
       812, 8/03/2016,10:24:54,   5.600000E-01,   6.100000E-01,   0.000000E+00,   0.000000E+00
       813, 8/03/2016,10:24:55,   5.600000E-01,   6.000000E-01,   0.000000E+00,   0.000000E+00
       814, 8/03/2016,10:24:56,   5.600000E-01,   6.100000E-01,   0.000000E+00,   0.000000E+00
       815, 8/03/2016,10:24:57,   5.500000E-01,   5.900000E-01,   0.000000E+00,   0.000000E+00
       816, 8/03/2016,10:24:58,   5.500000E-01,   6.000000E-01,   0.000000E+00,   0.000000E+00
       817, 8/03/2016,10:24:59,   5.600000E-01,   6.000000E-01,   0.000000E+00,   0.000000E+00
       818, 8/03/2016,10:25:00,   5.600000E-01,   6.200000E-01,   0.000000E+00,   0.000000E+00
       819, 8/03/2016,10:25:01,   5.700000E-01,   6.400000E-01,   0.000000E+00,   0.000000E+00
       820, 8/03/2016,10:25:02,   5.600000E-01,   6.200000E-01,   0.000000E+00,   0.000000E+00
       821, 8/03/2016,10:25:03,   5.600000E-01,   6.100000E-01,   0.000000E+00,   0.000000E+00
       822, 8/03/2016,10:25:04,   5.700000E-01,   6.000000E-01,   0.000000E+00,   0.000000E+00
       823, 8/03/2016,10:25:05,   5.600000E-01,   6.300000E-01,   0.000000E+00,   0.000000E+00
       824, 8/03/2016,10:25:06,   5.600000E-01,   6.200000E-01,   0.000000E+00,   0.000000E+00
       825, 8/03/2016,10:25:07,   5.600000E-01,   6.100000E-01,   0.000000E+00,   0.000000E+00
       826, 8/03/2016,10:25:08,   5.600000E-01,   6.000000E-01,   0.000000E+00,   0.000000E+00
       827, 8/03/2016,10:25:09,   5.700000E-01,   6.400000E-01,   0.000000E+00,   0.000000E+00
       828, 8/03/2016,10:25:10,   5.600000E-01,   5.900000E-01,   0.000000E+00,   0.000000E+00
       829, 8/03/2016,10:25:11,   5.600000E-01,   5.800000E-01,   0.000000E+00,   0.000000E+00
       830, 8/03/2016,10:25:12,   5.600000E-01,   5.800000E-01,   0.000000E+00,   0.000000E+00
       831, 8/03/2016,10:25:13,   5.600000E-01,   5.900000E-01,   0.000000E+00,   0.000000E+00
       832, 8/03/2016,10:25:14,   5.600000E-01,   5.900000E-01,   0.000000E+00,   0.000000E+00
       833, 8/03/2016,10:25:15,   5.500000E-01,   6.000000E-01,   0.000000E+00,   0.000000E+00
       834, 8/03/2016,10:25:16,   5.600000E-01,   6.000000E-01,   0.000000E+00,   0.000000E+00
       835, 8/03/2016,10:25:17,   5.600000E-01,   5.900000E-01,   0.000000E+00,   0.000000E+00
       836, 8/03/2016,10:25:18,   5.500000E-01,   5.900000E-01,   0.000000E+00,   0.000000E+00
       837, 8/03/2016,10:25:19,   5.600000E-01,   5.900000E-01,   0.000000E+00,   0.000000E+00
       838, 8/03/2016,10:25:20,   5.600000E-01,   6.500000E-01,   0.000000E+00,   0.000000E+00
       839, 8/03/2016,10:25:21,   5.800000E-01,   7.900000E-01,   0.000000E+00,   0.000000E+00
       840, 8/03/2016,10:25:22,   5.600000E-01,   6.200000E-01,   0.000000E+00,   0.000000E+00
       841, 8/03/2016,10:25:23,   5.500000E-01,   5.900000E-01,   0.000000E+00,   0.000000E+00
       842, 8/03/2016,10:25:24,   5.600000E-01,   5.900000E-01,   0.000000E+00,   0.000000E+00
       843, 8/03/2016,10:25:25,   5.600000E-01,   5.900000E-01,   0.000000E+00,   0.000000E+00
       844, 8/03/2016,10:25:26,   5.600000E-01,   6.300000E-01,   0.000000E+00,   0.000000E+00
       845, 8/03/2016,10:25:27,   5.600000E-01,   5.900000E-01,   0.000000E+00,   0.000000E+00
       846, 8/03/2016,10:25:28,   5.600000E-01,   6.700000E-01,   0.000000E+00,   0.000000E+00
       847, 8/03/2016,10:25:29,   6.000000E-01,   7.100000E-01,   0.000000E+00,   0.000000E+00
       848, 8/03/2016,10:25:30,   5.600000E-01,   6.200000E-01,   0.000000E+00,   0.000000E+00
       849, 8/03/2016,10:25:31,   5.600000E-01,   6.000000E-01,   0.000000E+00,   0.000000E+00
       850, 8/03/2016,10:25:32,   5.600000E-01,   5.900000E-01,   0.000000E+00,   0.000000E+00
       851, 8/03/2016,10:25:33,   5.600000E-01,   5.900000E-01,   0.000000E+00,   0.000000E+00
       852, 8/03/2016,10:25:34,   5.600000E-01,   5.800000E-01,   0.000000E+00,   0.000000E+00
       853, 8/03/2016,10:25:35,   5.600000E-01,   5.900000E-01,   0.000000E+00,   0.000000E+00
       854, 8/03/2016,10:25:36,   5.600000E-01,   5.800000E-01,   0.000000E+00,   0.000000E+00
       855, 8/03/2016,10:25:37,   5.600000E-01,   5.800000E-01,   0.000000E+00,   0.000000E+00
       856, 8/03/2016,10:25:38,   5.600000E-01,   5.900000E-01,   0.000000E+00,   0.000000E+00
       857, 8/03/2016,10:25:39,   5.600000E-01,   5.900000E-01,   0.000000E+00,   0.000000E+00
       858, 8/03/2016,10:25:40,   5.600000E-01,   5.900000E-01,   0.000000E+00,   0.000000E+00
       859, 8/03/2016,10:25:41,   5.600000E-01,   5.800000E-01,   0.000000E+00,   0.000000E+00
       860, 8/03/2016,10:25:42,   5.500000E-01,   5.800000E-01,   0.000000E+00,   0.000000E+00
       861, 8/03/2016,10:25:43,   5.600000E-01,   5.900000E-01,   0.000000E+00,   0.000000E+00
       862, 8/03/2016,10:25:44,   5.600000E-01,   5.800000E-01,   0.000000E+00,   0.000000E+00
       863, 8/03/2016,10:25:45,   5.500000E-01,   5.800000E-01,   0.000000E+00,   0.000000E+00
       864, 8/03/2016,10:25:46,   5.600000E-01,   5.800000E-01,   0.000000E+00,   0.000000E+00
       865, 8/03/2016,10:25:47,   5.600000E-01,   5.800000E-01,   0.000000E+00,   0.000000E+00
       866, 8/03/2016,10:25:48,   5.600000E-01,   5.900000E-01,   0.000000E+00,   0.000000E+00
       867, 8/03/2016,10:25:49,   5.500000E-01,   5.800000E-01,   0.000000E+00,   0.000000E+00
       868, 8/03/2016,10:25:50,   5.600000E-01,   5.900000E-01,   0.000000E+00,   0.000000E+00
       869, 8/03/2016,10:25:51,   5.600000E-01,   5.900000E-01,   0.000000E+00,   0.000000E+00
       870, 8/03/2016,10:25:52,   5.500000E-01,   5.900000E-01,   0.000000E+00,   0.000000E+00
       871, 8/03/2016,10:25:53,   5.600000E-01,   5.900000E-01,   0.000000E+00,   0.000000E+00
       872, 8/03/2016,10:25:54,   5.600000E-01,   5.900000E-01,   0.000000E+00,   0.000000E+00
       873, 8/03/2016,10:25:55,   5.600000E-01,   5.800000E-01,   0.000000E+00,   0.000000E+00
       874, 8/03/2016,10:25:56,   5.500000E-01,   5.800000E-01,   0.000000E+00,   0.000000E+00
       875, 8/03/2016,10:25:57,   5.500000E-01,   5.800000E-01,   0.000000E+00,   0.000000E+00
       876, 8/03/2016,10:25:58,   5.600000E-01,   5.900000E-01,   0.000000E+00,   0.000000E+00
       877, 8/03/2016,10:25:59,   5.700000E-01,   6.000000E-01,   0.000000E+00,   0.000000E+00
       878, 8/03/2016,10:26:00,   5.700000E-01,   6.000000E-01,   0.000000E+00,   0.000000E+00
       879, 8/03/2016,10:26:01,   5.500000E-01,   5.800000E-01,   0.000000E+00,   0.000000E+00
       880, 8/03/2016,10:26:02,   5.500000E-01,   5.900000E-01,   0.000000E+00,   0.000000E+00
       881, 8/03/2016,10:26:03,   5.500000E-01,   5.800000E-01,   0.000000E+00,   0.000000E+00
       882, 8/03/2016,10:26:04,   5.600000E-01,   5.900000E-01,   0.000000E+00,   0.000000E+00
       883, 8/03/2016,10:26:05,   5.500000E-01,   5.900000E-01,   0.000000E+00,   0.000000E+00
       884, 8/03/2016,10:26:06,   5.500000E-01,   5.800000E-01,   0.000000E+00,   0.000000E+00
       885, 8/03/2016,10:26:07,   5.500000E-01,   5.800000E-01,   0.000000E+00,   0.000000E+00
       886, 8/03/2016,10:26:08,   5.500000E-01,   5.800000E-01,   0.000000E+00,   0.000000E+00
       887, 8/03/2016,10:26:09,   5.500000E-01,   5.800000E-01,   0.000000E+00,   0.000000E+00
       888, 8/03/2016,10:26:10,   5.500000E-01,   5.800000E-01,   0.000000E+00,   0.000000E+00
       889, 8/03/2016,10:26:11,   5.600000E-01,   5.900000E-01,   0.000000E+00,   0.000000E+00
       890, 8/03/2016,10:26:12,   5.600000E-01,   5.800000E-01,   0.000000E+00,   0.000000E+00
       891, 8/03/2016,10:26:13,   5.600000E-01,   5.900000E-01,   0.000000E+00,   0.000000E+00
       892, 8/03/2016,10:26:14,   5.600000E-01,   5.900000E-01,   0.000000E+00,   0.000000E+00
       893, 8/03/2016,10:26:15,   5.600000E-01,   5.900000E-01,   0.000000E+00,   0.000000E+00
       894, 8/03/2016,10:26:16,   5.600000E-01,   5.800000E-01,   0.000000E+00,   0.000000E+00
       895, 8/03/2016,10:26:17,   5.600000E-01,   5.800000E-01,   0.000000E+00,   0.000000E+00
       896, 8/03/2016,10:26:18,   5.500000E-01,   5.800000E-01,   0.000000E+00,   0.000000E+00
       897, 8/03/2016,10:26:19,   5.600000E-01,   5.800000E-01,   0.000000E+00,   0.000000E+00
       898, 8/03/2016,10:26:20,   5.500000E-01,   5.800000E-01,   0.000000E+00,   0.000000E+00
       899, 8/03/2016,10:26:21,   5.600000E-01,   5.800000E-01,   0.000000E+00,   0.000000E+00
       900, 8/03/2016,10:26:22,   5.600000E-01,   5.800000E-01,   0.000000E+00,   0.000000E+00
       901, 8/03/2016,10:26:23,   5.600000E-01,   5.800000E-01,   0.000000E+00,   0.000000E+00
       902, 8/03/2016,10:26:24,   5.500000E-01,   5.900000E-01,   0.000000E+00,   0.000000E+00
       903, 8/03/2016,10:26:25,   5.600000E-01,   5.800000E-01,   0.000000E+00,   0.000000E+00
       904, 8/03/2016,10:26:26,   5.500000E-01,   5.800000E-01,   0.000000E+00,   0.000000E+00
       905, 8/03/2016,10:26:27,   5.600000E-01,   5.800000E-01,   0.000000E+00,   0.000000E+00
       906, 8/03/2016,10:26:28,   5.500000E-01,   5.900000E-01,   0.000000E+00,   0.000000E+00
       907, 8/03/2016,10:26:29,   5.600000E-01,   5.800000E-01,   0.000000E+00,   0.000000E+00
       908, 8/03/2016,10:26:30,   5.600000E-01,   5.900000E-01,   0.000000E+00,   0.000000E+00
       909, 8/03/2016,10:26:31,   5.600000E-01,   5.800000E-01,   0.000000E+00,   0.000000E+00
       910, 8/03/2016,10:26:32,   5.500000E-01,   5.800000E-01,   0.000000E+00,   0.000000E+00
       911, 8/03/2016,10:26:33,   5.600000E-01,   5.900000E-01,   0.000000E+00,   0.000000E+00
       912, 8/03/2016,10:26:34,   5.500000E-01,   5.900000E-01,   0.000000E+00,   0.000000E+00
       913, 8/03/2016,10:26:35,   5.500000E-01,   5.900000E-01,   0.000000E+00,   0.000000E+00
       914, 8/03/2016,10:26:36,   5.600000E-01,   5.900000E-01,   0.000000E+00,   0.000000E+00
       915, 8/03/2016,10:26:37,   5.600000E-01,   5.900000E-01,   0.000000E+00,   0.000000E+00
       916, 8/03/2016,10:26:38,   5.600000E-01,   5.900000E-01,   0.000000E+00,   0.000000E+00
       917, 8/03/2016,10:26:39,   5.600000E-01,   5.900000E-01,   0.000000E+00,   0.000000E+00
       918, 8/03/2016,10:26:40,   5.600000E-01,   5.900000E-01,   0.000000E+00,   0.000000E+00
       919, 8/03/2016,10:26:41,   5.600000E-01,   5.900000E-01,   0.000000E+00,   0.000000E+00
       920, 8/03/2016,10:26:42,   5.600000E-01,   5.900000E-01,   0.000000E+00,   0.000000E+00
       921, 8/03/2016,10:26:43,   5.500000E-01,   5.900000E-01,   0.000000E+00,   0.000000E+00
       922, 8/03/2016,10:26:44,   5.600000E-01,   5.800000E-01,   0.000000E+00,   0.000000E+00
       923, 8/03/2016,10:26:45,   5.600000E-01,   5.800000E-01,   0.000000E+00,   0.000000E+00
       924, 8/03/2016,10:26:46,   5.600000E-01,   5.800000E-01,   0.000000E+00,   0.000000E+00
       925, 8/03/2016,10:26:47,   5.600000E-01,   6.100000E-01,   0.000000E+00,   0.000000E+00
       926, 8/03/2016,10:26:48,   5.600000E-01,   6.100000E-01,   0.000000E+00,   0.000000E+00
       927, 8/03/2016,10:26:49,   5.600000E-01,   5.900000E-01,   0.000000E+00,   0.000000E+00
       928, 8/03/2016,10:26:50,   5.600000E-01,   5.900000E-01,   0.000000E+00,   0.000000E+00
       929, 8/03/2016,10:26:51,   5.500000E-01,   5.900000E-01,   0.000000E+00,   0.000000E+00
       930, 8/03/2016,10:26:52,   5.600000E-01,   5.900000E-01,   0.000000E+00,   0.000000E+00
       931, 8/03/2016,10:26:53,   5.600000E-01,   6.000000E-01,   0.000000E+00,   0.000000E+00
       932, 8/03/2016,10:26:54,   5.600000E-01,   5.900000E-01,   0.000000E+00,   0.000000E+00
       933, 8/03/2016,10:26:55,   5.600000E-01,   5.900000E-01,   0.000000E+00,   0.000000E+00
       934, 8/03/2016,10:26:56,   5.600000E-01,   5.900000E-01,   0.000000E+00,   0.000000E+00
       935, 8/03/2016,10:26:57,   5.500000E-01,   5.900000E-01,   0.000000E+00,   0.000000E+00
       936, 8/03/2016,10:26:58,   5.500000E-01,   6.000000E-01,   0.000000E+00,   0.000000E+00
       937, 8/03/2016,10:26:59,   5.600000E-01,   5.900000E-01,   0.000000E+00,   0.000000E+00
       938, 8/03/2016,10:27:00,   5.600000E-01,   5.800000E-01,   0.000000E+00,   0.000000E+00
       939, 8/03/2016,10:27:01,   5.600000E-01,   5.800000E-01,   0.000000E+00,   0.000000E+00
       940, 8/03/2016,10:27:02,   5.600000E-01,   6.300000E-01,   0.000000E+00,   0.000000E+00
       941, 8/03/2016,10:27:03,   5.600000E-01,   6.000000E-01,   0.000000E+00,   0.000000E+00
       942, 8/03/2016,10:27:04,   5.600000E-01,   5.900000E-01,   0.000000E+00,   0.000000E+00
       943, 8/03/2016,10:27:05,   5.600000E-01,   6.300000E-01,   0.000000E+00,   0.000000E+00
       944, 8/03/2016,10:27:06,   5.600000E-01,   5.900000E-01,   0.000000E+00,   0.000000E+00
       945, 8/03/2016,10:27:07,   5.600000E-01,   5.900000E-01,   0.000000E+00,   0.000000E+00
       946, 8/03/2016,10:27:08,   5.600000E-01,   5.900000E-01,   0.000000E+00,   0.000000E+00
       947, 8/03/2016,10:27:09,   5.600000E-01,   5.900000E-01,   0.000000E+00,   0.000000E+00
       948, 8/03/2016,10:27:10,   5.600000E-01,   5.900000E-01,   0.000000E+00,   0.000000E+00
       949, 8/03/2016,10:27:11,   6.300000E-01,   1.150000E+00,   0.000000E+00,   0.000000E+00
       950, 8/03/2016,10:27:12,   5.600000E-01,   8.400000E-01,   0.000000E+00,   0.000000E+00
       951, 8/03/2016,10:27:13,   5.600000E-01,   6.000000E-01,   0.000000E+00,   0.000000E+00
       952, 8/03/2016,10:27:14,   5.600000E-01,   5.900000E-01,   0.000000E+00,   0.000000E+00
       953, 8/03/2016,10:27:15,   5.500000E-01,   5.900000E-01,   0.000000E+00,   0.000000E+00
       954, 8/03/2016,10:27:16,   5.600000E-01,   5.900000E-01,   0.000000E+00,   0.000000E+00
       955, 8/03/2016,10:27:17,   5.600000E-01,   5.800000E-01,   0.000000E+00,   0.000000E+00
       956, 8/03/2016,10:27:18,   5.600000E-01,   5.800000E-01,   0.000000E+00,   0.000000E+00
       957, 8/03/2016,10:27:19,   5.600000E-01,   5.800000E-01,   0.000000E+00,   0.000000E+00
       958, 8/03/2016,10:27:20,   5.600000E-01,   5.900000E-01,   0.000000E+00,   0.000000E+00
       959, 8/03/2016,10:27:21,   5.500000E-01,   5.800000E-01,   0.000000E+00,   0.000000E+00
       960, 8/03/2016,10:27:22,   5.600000E-01,   5.800000E-01,   0.000000E+00,   0.000000E+00
       961, 8/03/2016,10:27:23,   5.500000E-01,   5.800000E-01,   0.000000E+00,   0.000000E+00
       962, 8/03/2016,10:27:24,   5.600000E-01,   5.800000E-01,   0.000000E+00,   0.000000E+00
       963, 8/03/2016,10:27:25,   5.600000E-01,   5.800000E-01,   0.000000E+00,   0.000000E+00
       964, 8/03/2016,10:27:26,   5.600000E-01,   5.900000E-01,   0.000000E+00,   0.000000E+00
       965, 8/03/2016,10:27:27,   5.600000E-01,   5.900000E-01,   0.000000E+00,   0.000000E+00
       966, 8/03/2016,10:27:28,   5.600000E-01,   6.100000E-01,   0.000000E+00,   0.000000E+00
       967, 8/03/2016,10:27:29,   6.200000E-01,   8.400000E-01,   0.000000E+00,   0.000000E+00
       968, 8/03/2016,10:27:30,   5.700000E-01,   6.200000E-01,   0.000000E+00,   0.000000E+00
       969, 8/03/2016,10:27:31,   5.600000E-01,   5.900000E-01,   0.000000E+00,   0.000000E+00
       970, 8/03/2016,10:27:32,   5.600000E-01,   6.100000E-01,   0.000000E+00,   0.000000E+00
       971, 8/03/2016,10:27:33,   5.600000E-01,   6.000000E-01,   0.000000E+00,   0.000000E+00
       972, 8/03/2016,10:27:34,   5.500000E-01,   6.000000E-01,   0.000000E+00,   0.000000E+00
       973, 8/03/2016,10:27:35,   5.500000E-01,   5.900000E-01,   0.000000E+00,   0.000000E+00
       974, 8/03/2016,10:27:36,   5.600000E-01,   5.800000E-01,   0.000000E+00,   0.000000E+00
       975, 8/03/2016,10:27:37,   5.600000E-01,   5.900000E-01,   0.000000E+00,   0.000000E+00
       976, 8/03/2016,10:27:38,   5.500000E-01,   5.900000E-01,   0.000000E+00,   0.000000E+00
       977, 8/03/2016,10:27:39,   5.600000E-01,   5.900000E-01,   0.000000E+00,   0.000000E+00
       978, 8/03/2016,10:27:40,   5.600000E-01,   5.900000E-01,   0.000000E+00,   0.000000E+00
       979, 8/03/2016,10:27:41,   5.600000E-01,   5.800000E-01,   0.000000E+00,   0.000000E+00
       980, 8/03/2016,10:27:42,   5.600000E-01,   5.800000E-01,   0.000000E+00,   0.000000E+00
       981, 8/03/2016,10:27:43,   5.500000E-01,   5.900000E-01,   0.000000E+00,   0.000000E+00
       982, 8/03/2016,10:27:44,   5.600000E-01,   5.900000E-01,   0.000000E+00,   0.000000E+00
       983, 8/03/2016,10:27:45,   5.600000E-01,   5.800000E-01,   0.000000E+00,   0.000000E+00
       984, 8/03/2016,10:27:46,   5.600000E-01,   5.900000E-01,   0.000000E+00,   0.000000E+00
       985, 8/03/2016,10:27:47,   5.600000E-01,   5.800000E-01,   0.000000E+00,   0.000000E+00
       986, 8/03/2016,10:27:48,   5.600000E-01,   5.900000E-01,   0.000000E+00,   0.000000E+00
       987, 8/03/2016,10:27:49,   5.500000E-01,   5.900000E-01,   0.000000E+00,   0.000000E+00
       988, 8/03/2016,10:27:50,   5.600000E-01,   5.900000E-01,   0.000000E+00,   0.000000E+00
       989, 8/03/2016,10:27:51,   5.600000E-01,   5.900000E-01,   0.000000E+00,   0.000000E+00
       990, 8/03/2016,10:27:52,   5.600000E-01,   5.800000E-01,   0.000000E+00,   0.000000E+00
       991, 8/03/2016,10:27:53,   5.600000E-01,   5.900000E-01,   0.000000E+00,   0.000000E+00
       992, 8/03/2016,10:27:54,   5.600000E-01,   5.800000E-01,   0.000000E+00,   0.000000E+00
       993, 8/03/2016,10:27:55,   5.600000E-01,   5.800000E-01,   0.000000E+00,   0.000000E+00
       994, 8/03/2016,10:27:56,   5.600000E-01,   5.800000E-01,   0.000000E+00,   0.000000E+00
       995, 8/03/2016,10:27:57,   5.500000E-01,   5.800000E-01,   0.000000E+00,   0.000000E+00
       996, 8/03/2016,10:27:58,   5.600000E-01,   5.800000E-01,   0.000000E+00,   0.000000E+00
       997, 8/03/2016,10:27:59,   5.500000E-01,   5.800000E-01,   0.000000E+00,   0.000000E+00
       998, 8/03/2016,10:28:00,   5.600000E-01,   5.800000E-01,   0.000000E+00,   0.000000E+00
       999, 8/03/2016,10:28:01,   5.600000E-01,   5.900000E-01,   0.000000E+00,   0.000000E+00
      1000, 8/03/2016,10:28:02,   5.600000E-01,   5.800000E-01,   0.000000E+00,   0.000000E+00
